SI114J-00002	4.500
SI114J-00004	4.000
SI114J-00005	3.500
SI114J-00007	4.000
SI114J-00009	4.500
SI114J-00017	4.000
SI114J-00018	5.500
SI114J-00026	5.000
SI114J-00031	3.500
SI114J-00032	4.000
SI114J-00033	4.500
SI114J-00037	4.500
SI114J-00046	5.500
SI114J-00047	4.500
SI114J-00048	5.500
SI114J-00049	5.000
SI114J-00050	4.000
SI114J-00070	3.000
SI114J-00072	4.500
SI114J-00073	4.500
SI114J-00074	4.500
SI114J-00076	4.500
SI114J-00077	4.500
SI114J-00078	4.500
SI114J-00079	4.500
SI114J-00084	4.000
SI114J-00085	3.500
SI114J-00088	5.000
SI114J-00089	4.000
SI114J-00091	5.000
SI114J-00093	3.500
SI114J-00094	3.000
SI114J-00104	4.500
SI114J-00108	4.500
SI114J-00109	4.500
SI114J-00115	4.000
SI114J-00119	3.000
SI114J-00123	4.500
SI114J-00127	4.500
SI114J-00130	4.000
SI114J-00132	4.500
SI114J-00133	5.000
SI114J-00134	4.500
SI114J-00137	3.500
SI114J-00138	5.500
SI114J-00146	4.500
SI114J-00147	4.500
SI114J-00149	4.500
SI114J-00154	4.000
SI114J-00156	4.000
SI114J-00157	5.500
SI114J-00161	4.500
SI114J-00163	4.000
SI114J-00164	5.000
SI114J-00166	3.500
SI114J-00169	4.000
SI114J-00170	3.000
SI114J-00171	3.000
SI114J-00173	4.500
SI114J-00174	5.000
SI114J-00175	4.000
SI114J-00176	3.000
SI114J-00180	4.000
SI114J-00183	5.500
SI114J-00186	3.500
SI114J-00188	4.000
SI114J-00194	4.500
SI114J-00196	5.000
SI114J-00198	5.500
SI114J-00200	5.000
SI114J-00210	4.500
SI114J-00211	5.500
SI114J-00214	5.000
SI114J-00216	5.000
SI114J-00217	5.000
SI114J-00219	3.500
SI114J-00222	4.500
SI114J-00223	4.000
SI114J-00225	4.500
SI114J-00229	3.500
SI114J-00231	5.500
SI114J-00232	3.500
SI114J-00234	4.000
SI114J-00235	3.500
SI114J-00236	4.500
SI114J-00242	3.500
SI114J-00248	3.500
SI114J-00251	5.000
SI114J-00253	3.000
SI114J-00254	5.000
SI114J-00255	2.000
SI114J-00261	5.500
SI114J-00262	5.000
SI114J-00267	4.000
SI114J-00268	4.500
SI114J-00269	5.000
SI114J-00271	5.000
SI114J-00273	3.500
SI114J-00276	4.500
SI114J-00278	4.000
SI114J-00279	3.500
SI114J-00280	4.500
SI114J-00281	3.500
SI114J-00283	5.000
SI114J-00284	4.500
SI114J-00290	2.000
SI114J-00291	5.000
SI114J-00296	5.000
SI114J-00298	3.500
SI114J-00300	4.500
SI114J-00302	4.500
SI114J-00303	4.500
SI114J-00304	4.500
SI114J-00308	4.500
SI114J-00309	4.000
SI114J-00313	4.500
SI114J-00314	4.500
SI114J-00315	3.000
SI114J-00316	5.000
SI114J-00323	3.000
SI114J-00326	4.500
SI114J-00327	5.000
SI114J-00329	3.000
SI114J-00330	4.500
SI114J-00331	4.000
SI114J-00333	4.000
SI114J-00335	4.500
SI114J-00337	4.000
SI114J-00338	4.000
SI114J-00340	3.500
SI114J-00341	3.000
SI114J-00342	4.500
SI114J-00344	3.500
SI114J-00345	4.500
SI114J-00350	3.500
SI114J-00353	4.500
SI114J-00354	4.000
SI114J-00356	4.000
SI114J-00357	4.000
SI114J-00360	3.500
SI114J-00363	4.500
SI114J-00364	3.500
SI114J-00367	4.500
SI114J-00368	5.000
SI114J-00371	5.000
SI114J-00374	4.000
SI114J-00376	3.500
SI114J-00380	3.500
SI114J-00382	4.500
SI114J-00384	4.500
SI114J-00387	4.500
SI114J-00388	5.500
SI114J-00391	4.000
SI114J-00398	4.000
SI114J-00409	4.500
SI114J-00410	3.500
SI114J-00412	4.500
SI114J-00413	4.000
SI114J-00415	5.000
SI114J-00416	4.000
SI114J-00419	4.000
SI114J-00421	2.500
SI114J-00422	3.500
SI114J-00424	3.500
SI114J-00428	5.000
SI114J-00429	5.500
SI114J-00431	4.500
SI114J-00432	3.500
SI114J-00433	4.500
SI114J-00437	4.500
SI114J-00438	4.000
SI114J-00439	4.000
SI114J-00440	4.000
SI114J-00444	4.500
SI114J-00446	4.000
SI114J-00451	4.000
SI114J-00455	4.000
SI114J-00456	4.000
SI114J-00458	4.500
SI114J-00459	3.500
SI114J-00460	4.000
SI114J-00462	4.000
SI114J-00463	4.500
SI114J-00464	5.000
SI114J-00465	3.000
SI114J-00466	4.000
SI114J-00471	4.500
SI114J-00473	2.500
SI114J-00475	4.000
SI114J-00478	4.000
SI114J-00482	4.000
SI114J-00484	3.500
SI114J-00487	3.000
SI114J-00488	3.000
SI114J-00489	4.500
SI114J-00490	4.000
SI114J-00491	4.000
SI114J-00492	5.000
SI114J-00493	5.000
SI114J-00495	4.500
SI114J-00497	4.000
SI114J-00498	4.000
SI114J-00500	4.000
SI114J-00511	5.000
SI114J-00517	4.500
SI114J-00520	4.000
SI114J-00521	5.000
SI114J-00522	2.500
SI114J-00523	4.000
SI114J-00525	3.000
SI114J-00527	4.000
SI114J-00528	3.500
SI114J-00531	4.000
SI114J-00532	4.500
SI114J-00534	4.000
SI114J-00538	3.500
SI114J-00539	3.500
SI114J-00541	5.000
SI114J-00545	4.000
SI114J-00546	3.000
SI114J-00550	4.000
SI114J-00553	4.000
SI114J-00558	4.500
SI114J-00559	3.500
SI114J-00560	3.500
SI114J-00562	4.500
SI114J-00570	4.500
SI114J-00571	5.500
SI114J-00575	5.000
SI114J-00576	3.500
SI114J-00578	2.000
SI114J-00579	4.000
SI114J-00581	5.000
SI114J-00584	2.500
SI114J-00585	3.500
SI114J-00591	4.500
SI114J-00593	3.500
SI114J-00597	3.500
SI114J-00600	4.500
SI114J-00602	4.000
SI114J-00604	4.000
SI114J-00606	2.500
SI114J-00608	3.500
SI114J-00610	5.500
SI114J-00611	2.500
SI114J-00612	4.500
SI114J-00613	3.500
SI114J-00626	4.500
SI114J-00628	2.000
SI114J-00629	2.500
SI114J-00632	4.500
SI114J-00636	4.000
SI114J-00641	4.000
SI114J-00645	3.500
SI114J-00646	3.500
SI114J-00648	5.500
SI114J-00651	3.500
SI114J-00652	3.000
SI114J-00653	5.000
SI114J-00655	2.000
SI114J-00656	3.500
SI114J-00659	4.000
SI114J-00660	5.000
SI114J-00661	2.000
SI114J-00664	5.000
SI114J-00665	2.500
SI114J-00671	4.500
SI114J-00672	4.000
SI114J-00673	3.500
SI114J-00674	4.500
SI114J-00675	3.000
SI114J-00678	3.000
SI114J-00680	5.000
SI114J-00686	4.000
SI114J-00690	3.000
SI114J-00691	3.500
SI114J-00694	4.000
SI114J-00695	4.500
SI114J-00696	4.000
SI114J-00698	4.500
SI114J-00702	4.000
SI114J-00707	4.500
SI114J-00709	4.000
SI114J-00716	3.000
SI114J-00717	4.000
SI114J-00718	3.500
SI114J-00723	4.500
SI114J-00726	3.000
SI114J-00729	4.500
SI114J-00731	4.500
SI114J-00734	4.000
SI114J-00738	5.000
SI114J-00739	4.000
SI114J-00743	4.500
SI114J-00746	4.000
SI114J-00749	4.000
SI114J-00750	3.500
SI114J-00756	4.000
SI114J-00761	5.000
SI114J-00764	3.500
SI114J-00767	4.000
SI114J-00768	3.500
SI114J-00780	3.000
SI114J-00783	2.500
SI114J-00785	3.000
SI114J-00789	3.500
SI114J-00790	5.000
SI114J-00792	3.000
SI114J-00793	4.500
SI114J-00797	4.500
SI114J-00802	5.000
SI1267-00001	5.000
SI1267-00002	4.000
SI1267-00009	5.000
SI1267-00010	4.500
SI1267-00016	4.500
SI1267-00018	5.000
SI1267-00025	4.500
SI1267-00037	4.000
SI1267-00041	4.000
SI1267-00044	4.000
SI1267-00049	4.500
SI1267-00050	4.500
SI1267-00051	4.000
SI1267-00052	4.500
SI1267-00054	4.500
SI1267-00055	4.000
SI1267-00060	4.000
SI1267-00062	3.500
SI1267-00066	5.500
SI1267-00073	5.500
SI1267-00078	4.500
SI1267-00085	4.500
SI1267-00092	3.500
SI1267-00093	4.000
SI1267-00096	5.000
SI1267-00104	4.500
SI1267-00105	4.500
SI1267-00106	4.000
SI1267-00107	4.000
SI1267-00110	4.000
SI1267-00114	4.000
SI1267-00115	4.000
SI1267-00121	3.500
SI1267-00126	5.000
SI1267-00129	4.500
SI1267-00135	4.500
SI1267-00137	4.000
SI1267-00138	4.500
SI1267-00142	5.000
SI1267-00143	4.500
SI1267-00146	4.000
SI1267-00149	4.000
SI1267-00150	5.500
SI1267-00157	3.500
SI1267-00166	3.500
SI1267-00167	4.000
SI1267-00169	3.000
SI1267-00170	4.500
SI1267-00171	4.000
SI1267-00174	4.500
SI1267-00183	3.500
SI1267-00184	4.000
SI1267-00194	3.500
SI1267-00202	4.000
SI1267-00208	5.500
SI1267-00210	5.000
SI1267-00212	4.000
SI1267-00218	3.000
SI1267-00219	4.500
SI1267-00224	3.000
SI1267-00225	4.500
SI1267-00234	4.500
SI1267-00241	5.000
SI1267-00246	3.500
SI1267-00247	4.000
SI1267-00251	4.500
SI1267-00255	4.500
SI1267-00260	4.500
SI1267-00268	4.000
SI1267-00280	5.000
SI1267-00284	4.500
SI1267-00285	3.000
SI1267-00294	4.500
SI1267-00296	5.000
SI1267-00299	4.000
SI1267-00301	3.500
SI1267-00303	5.500
SI1267-00304	4.000
SI1267-00305	2.000
SI1267-00309	4.000
SI1267-00313	4.000
SI1267-00314	3.500
SI1267-00315	3.000
SI1267-00320	5.000
SI1267-00322	3.000
SI1267-00324	3.000
SI1267-00331	4.000
SI1267-00332	4.000
SI1267-00339	4.000
SI1267-00342	3.500
SI1267-00343	4.000
SI1267-00346	4.000
SI1267-00350	4.500
SI1267-00352	2.000
SI1267-00356	3.500
SI1267-00359	4.500
SI1267-00360	4.500
SI1267-00363	4.000
SI1267-00364	4.000
SI1267-00365	3.500
SI1267-00366	3.000
SI1267-00367	3.500
SI1267-00370	2.500
SI1267-00375	4.500
SI1267-00379	4.000
SI1267-00383	4.000
SI1267-00385	5.500
SI1267-00388	3.500
SI1267-00389	4.500
SI1267-00392	4.000
SI1267-00394	5.000
SI1267-00403	4.500
SI1267-00404	4.000
SI1267-00406	4.000
SI1267-00411	4.000
SI1267-00412	4.500
SI1267-00413	4.500
SI1267-00415	4.000
SI1267-00416	5.000
SI1267-00420	5.000
SI1267-00427	4.500
SI1267-00433	3.000
SI1267-00435	4.500
SI1267-00436	4.000
SI1267-00439	3.500
SI1267-00440	4.500
SI1267-00441	4.500
SI1267-00456	4.000
SI1267-00465	4.000
SI1267-00471	4.500
SI1267-00482	3.500
SI1267-00483	3.000
SI1267-00487	4.000
SI1267-00488	3.000
SI1267-00493	4.000
SI1267-00506	4.500
SI1267-00516	3.500
SI1267-00519	2.000
SI1267-00522	4.000
SI1267-00523	4.500
SI1267-00527	4.000
SI1267-00528	5.000
SI1267-00532	4.500
SI1267-00537	4.000
SI1267-00539	4.500
SI1267-00543	4.500
SI1267-00544	4.000
SI1267-00551	5.000
SI1267-00555	5.000
SI1267-00556	3.000
SI1267-00557	4.000
SI1267-00560	3.000
SI1267-00562	3.500
SI1267-00568	4.500
SI1267-00574	4.500
SI1267-00576	4.000
SI1267-00582	5.000
SI1267-00587	4.500
SI1267-00588	4.500
SI1267-00596	5.000
SI1267-00597	4.000
SI1267-00598	4.500
SI1267-00600	4.000
SI1267-00605	4.000
SI1267-00608	3.500
SI1267-00610	4.000
SI1267-00612	3.500
SI1267-00615	4.500
SI1267-00616	3.000
SI1267-00619	4.500
SI1267-00620	2.000
SI1267-00624	4.500
SI1267-00632	5.500
SI1267-00633	4.500
SI1267-00637	3.500
SI1267-00652	4.500
SI1267-00663	4.000
SI1267-00665	5.000
SI1267-00667	4.000
SI1267-00669	4.500
SI1267-00670	4.500
SI1267-00675	5.000
SI1267-00678	3.500
SI1267-00680	4.500
SI1267-00682	4.000
SI1267-00687	4.000
SI1267-00701	3.500
SI1267-00702	4.500
SI1267-00706	4.500
SI1267-00715	5.000
SI1267-00716	4.000
SI1267-00722	4.500
SI1267-00731	5.000
SI1267-00732	2.500
SI1267-00757	4.000
SI1267-00758	3.000
SI1267-00760	3.000
SI1267-00763	4.500
SI1267-00771	4.500
SI1267-00774	2.500
SI1267-00775	4.500
SI1267-00777	4.500
SI1267-00781	4.000
SI1267-00784	3.500
SI1267-00789	2.000
SI1267-00800	4.500
SI1267-00801	4.500
SI1267-00803	4.000
SI1267-00806	4.500
SI1267-00807	4.500
SI1267-00821	4.500
SI1267-00822	3.500
SI1267-00829	2.500
SI1267-00832	4.500
SI1267-00833	3.500
SI1267-00834	4.500
SI1267-00838	4.000
SI1267-00840	4.000
SI1267-00843	4.000
SI1267-00852	4.500
SI1267-00855	4.500
SI1267-00860	4.500
SI1267-00867	4.500
SI1267-00870	3.000
SI1267-00872	4.500
SI1267-00874	4.500
SI1267-00875	3.000
SI1267-00878	4.500
SI1267-00879	5.000
SI1267-00882	4.000
SI1267-00885	4.000
SI1267-00889	4.000
SI1267-00900	4.000
SI1267-00901	3.000
SI1267-00903	3.000
SI1267-00907	3.000
SI1267-00915	5.500
SI1267-00918	5.500
SI1267-00919	3.500
SI1267-00927	3.000
SI1267-00928	3.500
SI1267-00931	3.500
SI1267-00938	4.000
SI1267-00940	3.000
SI1267-00941	3.500
SI1267-00946	4.000
SI1267-00947	5.000
SI1267-00956	2.500
SI1267-00962	3.500
SI1267-00974	2.500
SI1267-00977	4.000
SI1267-00980	4.000
SI1267-00985	3.000
SI1267-00986	4.000
SI1267-00993	4.500
SI1267-00994	4.500
SI1267-00995	5.000
SI1267-00997	3.500
SI1267-00998	4.000
SI1267-01007	5.000
SI1267-01009	3.500
SI1267-01011	3.500
SI1267-01015	3.000
SI1267-01018	3.500
SI1267-01024	4.000
SI1267-01029	4.500
SI1267-01035	5.000
SI1267-01036	5.000
SI1267-01040	4.000
SI1267-01044	3.000
SI1267-01047	4.000
SI1267-01048	3.000
SI1267-01054	3.500
SI1267-01056	4.500
SI1267-01061	4.000
SI1267-01065	3.000
SI1267-01066	4.500
SI1267-01067	4.500
SI1267-01069	3.500
SI1267-01070	3.500
SI1267-01074	3.500
SI1267-01076	3.000
SI1267-01081	5.000
SI1267-01087	4.000
SI1267-01089	3.500
SI1267-01092	3.000
SI1267-01093	4.500
SI1267-01096	4.500
SI1267-01098	2.500
SI1267-01100	4.500
SI1267-01105	2.500
SI1267-01106	3.500
SI1267-01111	4.000
SI1267-01113	4.000
SI1267-01122	3.500
SI1267-01123	3.000
SI1267-01129	3.500
SI1267-01130	4.500
SI1267-01136	4.000
SI1267-01141	4.000
SI1267-01147	4.000
SI1267-01148	4.000
SI1267-01150	4.000
SI1267-01153	4.500
SI1267-01154	4.000
SI1267-01162	5.000
SI1267-01163	4.500
SI1267-01166	4.000
SI1267-01172	5.000
SI1267-01176	3.500
SI1267-01183	4.500
SI1267-01184	3.500
SI1267-01185	4.500
SI1267-01187	2.500
SI1267-01189	3.000
SI1267-01199	3.000
SI1267-01202	4.000
SI1267-01204	4.000
SI1267-01205	3.500
SI1267-01206	4.000
SI1267-01209	4.000
SI1267-01216	4.000
SI1267-01231	4.500
SI1267-01234	4.000
SI1267-01235	4.500
SI1267-01252	4.000
SI1267-01253	3.000
SI1267-01256	4.500
SI1267-01259	4.500
SI1267-01262	4.000
SI1267-01265	4.000
SI1267-01267	5.000
SI1267-01268	4.000
SI1267-01270	4.500
SI1267-01271	4.000
SI1267-01274	2.500
SI1267-01275	3.500
SI1267-01276	4.500
SI1267-01284	3.000
SI1267-01286	3.500
SI1267-01289	3.000
SI1267-01296	4.000
SI127E-00003	4.500
SI127E-00005	4.000
SI127E-00007	5.000
SI127E-00008	3.000
SI127E-00012	4.500
SI127E-00017	4.000
SI127E-00022	3.500
SI127E-00023	4.000
SI127E-00029	2.000
SI127E-00033	4.500
SI127E-00037	3.500
SI127E-00040	3.500
SI127E-00047	3.500
SI127E-00054	4.000
SI127E-00063	3.000
SI127E-00067	4.000
SI127E-00068	5.000
SI127E-00071	4.000
SI127E-00072	4.500
SI127E-00073	5.000
SI127E-00081	5.000
SI127E-00082	4.500
SI127E-00086	5.000
SI127E-00087	3.500
SI127E-00090	3.500
SI127E-00095	4.000
SI127E-00099	4.500
SI127E-00100	3.500
SI127E-00101	4.500
SI127E-00102	3.500
SI127E-00105	3.000
SI127E-00111	4.500
SI127E-00113	4.500
SI127E-00115	2.500
SI127E-00116	4.000
SI127E-00117	2.000
SI127E-00122	4.000
SI127E-00126	5.000
SI127E-00130	5.000
SI127E-00134	4.000
SI127E-00139	3.500
SI127E-00145	2.500
SI127E-00146	3.500
SI127E-00150	4.000
SI127E-00154	4.500
SI127E-00157	4.500
SI127E-00158	4.500
SI127E-00174	3.500
SI127E-00182	4.500
SI127E-00184	4.500
SI127E-00186	4.500
SI127E-00188	5.500
SI127E-00191	4.500
SI127E-00194	4.500
SI127E-00198	5.000
SI127E-00200	4.000
SI127E-00207	3.000
SI127E-00212	4.500
SI127E-00230	3.000
SI127E-00235	4.000
SI127E-00238	3.500
SI127E-00240	4.000
SI127E-00241	5.000
SI127E-00254	5.500
SI127E-00256	3.500
SI127E-00259	3.000
SI127E-00260	5.000
SI127E-00265	4.000
SI127E-00266	3.500
SI127E-00277	3.500
SI127E-00278	5.000
SI127E-00282	3.500
SI127E-00288	4.500
SI127E-00290	3.500
SI127E-00296	5.000
SI127E-00306	2.000
SI127E-00309	3.500
SI127E-00311	3.500
SI127E-00315	4.500
SI127E-00323	5.500
SI127E-00328	4.500
SI127E-00329	4.000
SI127E-00333	4.500
SI127E-00341	4.500
SI127E-00346	5.500
SI127E-00347	5.500
SI127E-00350	4.500
SI127E-00353	4.500
SI127E-00358	4.500
SI127E-00360	4.000
SI127E-00364	2.500
SI127E-00371	4.000
SI127E-00382	4.000
SI127E-00384	3.500
SI127E-00389	4.000
SI127E-00396	4.500
SI127E-00397	4.500
SI127E-00403	3.500
SI127E-00405	4.500
SI127E-00407	4.000
SI127E-00408	4.000
SI127E-00410	4.500
SI127E-00413	5.000
SI127E-00419	5.000
SI127E-00420	5.000
SI127E-00432	4.500
SI127E-00433	4.000
SI127E-00436	4.500
SI127E-00437	4.000
SI127E-00443	4.500
SI127E-00446	5.000
SI127E-00448	4.500
SI127E-00449	4.000
SI127E-00450	3.000
SI127E-00454	4.000
SI127E-00461	3.500
SI127E-00464	4.000
SI127E-00468	4.000
SI127E-00469	5.500
SI127E-00487	4.500
SI127E-00491	5.000
SI127E-00494	4.500
SI127E-00499	3.000
SI127E-00501	3.500
SI127E-00507	3.500
SI127E-00508	3.500
SI127E-00511	3.500
SI127E-00512	5.000
SI127E-00513	4.500
SI127E-00515	4.500
SI127E-00517	3.500
SI127E-00528	4.500
SI127E-00529	2.000
SI127E-00531	5.500
SI127E-00533	4.500
SI127E-00535	4.000
SI127E-00538	3.500
SI127E-00539	3.000
SI127E-00541	3.500
SI127E-00542	4.000
SI127E-00543	5.000
SI127E-00550	4.000
SI127E-00553	4.500
SI127E-00555	5.500
SI127E-00556	3.000
SI127E-00566	4.500
SI127E-00567	3.500
SI127E-00576	4.000
SI127E-00577	4.500
SI127E-00579	4.500
SI127E-00587	3.500
SI127E-00591	4.500
SI127E-00593	4.500
SI127E-00596	4.500
SI127E-00597	4.500
SI127E-00600	4.500
SI127E-00601	3.500
SI127E-00609	4.500
SI127E-00612	3.500
SI127E-00616	4.500
SI127E-00624	4.500
SI127E-00626	2.000
SI127E-00627	5.000
SI127E-00630	3.500
SI127E-00632	4.500
SI127E-00633	4.500
SI127E-00634	4.000
SI127E-00636	4.000
SI127E-00642	4.000
SI127E-00643	4.500
SI127E-00647	4.500
SI127E-00650	4.000
SI127E-00653	5.000
SI127E-00658	3.500
SI127E-00660	2.500
SI127E-00662	4.500
SI127E-00667	4.000
SI127E-00673	3.000
SI127E-00675	5.500
SI127E-00686	4.500
SI127E-00688	5.000
SI127E-00693	5.000
SI127E-00694	5.000
SI127E-00697	4.500
SI127E-00700	3.500
SI127E-00701	3.500
SI127E-00703	3.000
SI127E-00713	4.000
SI127E-00715	4.000
SI127E-00717	5.000
SI127E-00719	4.000
SI127E-00720	4.500
SI127E-00729	3.500
SI127E-00735	3.500
SI127E-00741	4.500
SI127E-00746	5.000
SI127E-00747	4.500
SI127E-00749	4.000
SI127E-00750	3.000
SI127E-00755	3.500
SI127E-00756	5.000
SI127E-00759	4.500
SI127E-00768	4.000
SI127E-00772	3.500
SI127E-00784	4.500
SI127E-00788	3.500
SI127E-00789	4.000
SI127E-00790	4.000
SI127E-00792	3.500
SI127E-00794	4.500
SI127E-00795	5.000
SI127E-00796	4.000
SI127E-00804	4.500
SI127E-00805	4.000
SI127E-00807	4.500
SI127E-00817	4.000
SI127E-00825	4.000
SI127E-00826	4.000
SI127E-00829	4.500
SI127E-00830	4.500
SI127E-00833	3.500
SI127E-00834	5.000
SI127E-00835	3.500
SI127E-00836	3.500
SI127E-00844	4.000
SI127E-00849	3.500
SI127E-00850	5.000
SI127E-00853	4.500
SI127E-00857	3.500
SI127E-00859	4.000
SI127E-00860	4.500
SI127E-00861	4.000
SI127E-00862	3.000
SI127E-00863	4.000
SI127E-00865	5.000
SI127E-00866	4.000
SI127E-00868	5.000
SI127E-00870	4.500
SI127E-00874	4.500
SI127E-00875	4.000
SI127E-00877	2.500
SI127E-00878	4.000
SI127E-00880	4.000
SI127E-00885	4.000
SI127E-00886	3.500
SI127E-00890	3.500
SI127E-00891	3.500
SI127E-00892	3.000
SI127E-00894	4.000
SI127E-00902	4.500
SI127E-00907	4.000
SI127E-00908	4.500
SI127E-00912	3.000
SI127E-00913	4.000
SI127E-00914	3.500
SI127E-00916	4.000
SI127E-00921	4.000
SI127E-00931	3.000
SI127E-00932	3.500
SI127E-00940	4.500
SI127E-00941	5.000
SI127E-00942	3.500
SI127E-00943	4.000
SI127E-00944	4.000
SI127E-00953	4.000
SI127E-00960	4.000
SI127E-00962	3.500
SI127E-00965	3.500
SI127E-00966	3.500
SI127E-00968	3.500
SI127E-00972	5.000
SI127E-00973	3.500
SI127E-00977	4.000
SI127E-00980	3.000
SI127E-00981	3.500
SI127E-00984	4.500
SI127E-00986	3.500
SI127E-00987	5.500
SI127E-00988	4.500
SI127E-00989	3.500
SI127E-00995	3.500
SI127E-00996	4.000
SI127E-00998	3.500
SI127E-01001	3.500
SI127E-01002	5.000
SI127E-01008	5.000
SI127E-01011	5.500
SI127E-01012	5.000
SI127E-01013	3.500
SI127E-01015	2.500
SI127E-01023	3.000
SI127E-01026	4.500
SI127E-01031	5.000
SI127E-01033	5.000
SI127E-01034	4.000
SI127E-01036	2.000
SI127E-01040	3.000
SI127E-01043	3.500
SI127E-01047	4.000
SI127E-01049	4.500
SI127E-01051	3.000
SI127E-01053	4.000
SI127E-01054	5.000
SI127E-01058	4.000
SI127E-01062	4.500
SI127E-01067	4.000
SI127E-01068	4.500
SI127E-01071	3.500
SI127E-01072	5.000
SI127E-01073	3.500
SI127E-01077	3.500
SI127E-01080	3.500
SI127E-01082	2.500
SI127E-01085	4.000
SI127E-01090	4.000
SI127E-01093	4.000
SI127E-01094	4.500
SI127E-01095	5.500
SI127E-01097	3.500
SI127E-01099	3.500
SI127E-01102	5.000
SI127E-01105	4.500
SI127E-01108	4.500
SI127E-01109	4.000
SI127E-01111	3.000
SI127E-01113	3.500
SI127E-01114	4.500
SI127E-01138	3.500
SI127E-01143	3.500
SI127E-01145	4.500
SI127E-01146	4.000
SI127E-01154	4.000
SI127E-01155	3.500
SI127E-01164	4.500
SI127E-01165	4.000
SI127E-01167	3.500
SI127E-01169	4.500
SI127E-01171	4.500
SI127E-01177	4.000
SI127E-01178	4.000
SI127E-01187	4.000
SI127E-01189	5.000
SI127E-01202	4.000
SI127E-01203	5.500
SI127E-01204	3.000
SI127E-01205	4.500
SI127E-01206	4.000
SI127E-01209	4.000
SI127E-01212	4.500
SI127E-01214	4.000
SI127E-01215	5.500
SI127E-01221	4.000
SI127E-01222	3.000
SI127E-01225	4.000
SI127E-01226	5.000
SI127E-01231	4.500
SI127E-01233	4.500
SI127E-01235	4.000
SI127E-01237	4.000
SI127E-01238	3.500
SI127E-01243	4.500
SI127E-01247	4.000
SI127E-01249	4.000
SI127E-01253	4.000
SI127E-01255	2.500
SI127E-01259	3.500
SI127E-01262	3.500
SI127E-01263	4.000
SI127E-01266	4.500
SI127E-01268	5.000
SI127E-01275	4.000
SI127E-01277	4.500
SI127E-01280	3.500
SI127E-01284	4.000
SI127E-01287	4.000
SI127E-01288	3.500
SI127E-01291	4.000
SI127E-01302	4.000
SI127E-01311	5.000
SI127E-01312	3.000
SI127E-01321	4.000
SI127E-01323	3.500
SI127E-01324	4.500
SI127E-01326	4.500
SI127E-01328	5.000
SI127E-01330	4.000
SI127E-01331	4.000
SI127E-01335	4.500
SI127E-01345	4.000
SI127E-01346	4.000
SI127E-01347	4.500
SI127E-01349	4.000
SI127E-01350	4.500
SI127E-01351	3.000
SI127E-01355	3.500
SI127E-01370	3.500
SI127E-01375	5.500
SI127E-01377	4.000
SI127E-01381	4.500
SI127E-01391	4.000
SI127E-01394	5.500
SI127E-01395	4.500
SI127E-01400	4.500
SI127E-01403	3.500
SI127E-01404	3.500
SI127E-01410	5.000
SI127E-01411	2.500
SI127E-01419	4.000
SI127E-01425	3.000
SI127E-01431	4.500
SI127E-01433	4.000
SI127E-01448	5.000
SI127E-01449	4.500
SI127E-01450	3.500
SI127E-01455	2.500
SI127E-01456	5.000
SI127E-01457	5.000
SI127E-01474	4.000
SI127E-01478	2.500
SI127E-01480	4.000
SI127E-01482	2.000
SI127E-01490	3.500
SI127E-01492	5.000
SI127E-01497	2.500
SI127E-01502	4.500
SI127E-01503	4.000
SI127E-01508	4.500
SI127E-01510	3.500
SI127E-01511	3.500
SI127E-01512	2.500
SI127E-01515	4.000
SI127E-01516	2.500
SI127E-01519	4.000
SI127E-01520	5.000
SI127E-01521	5.000
SI127E-01523	4.000
SI127E-01525	4.000
SI127E-01541	2.500
SI127E-01548	5.000
SI127E-01549	5.000
SI127E-01552	4.500
SI127E-01555	3.000
SI127E-01559	3.000
SI127E-01565	3.500
SI127E-01570	5.000
SI127E-01571	5.000
SI127E-01576	3.500
SI127E-01579	4.000
SI127E-01582	4.500
SI127E-01584	4.000
SI127E-01585	3.500
SI127E-01589	4.000
SI127E-01590	3.500
SI127E-01594	4.500
SI127E-01596	3.000
SI127E-01600	3.500
SI127E-01606	5.000
SI127E-01608	4.500
SI127E-01611	4.000
SI127E-01623	5.000
SI127E-01631	3.500
SI127E-01635	4.500
SI127E-01637	4.500
SI127E-01640	3.000
SI127E-01642	3.000
SI127E-01650	4.000
SI127E-01654	3.000
SI127E-01655	3.000
SI127E-01656	4.000
SI127E-01658	2.000
SI127E-01663	3.000
SI127E-01665	3.000
SI127E-01667	4.000
SI127E-01678	4.000
SI127E-01680	3.500
SI127E-01691	4.500
SI127E-01692	3.500
SI127E-01693	4.500
SI127E-01697	4.500
SI127E-01698	3.500
SI127E-01699	5.000
SI127E-01704	4.500
SI127E-01710	4.500
SI127E-01711	5.000
SI127E-01716	5.000
SI127E-01729	2.500
SI127E-01730	4.500
SI127E-01731	4.000
SI127E-01741	3.500
SI127E-01742	4.500
SI127E-01746	5.000
SI127E-01748	3.500
SI127E-01751	4.000
SI127E-01756	4.000
SI127E-01757	2.500
SI127E-01761	4.000
SI127E-01766	3.500
SI127E-01768	4.500
SI127E-01772	4.000
SI127E-01775	4.000
SI127E-01783	5.500
SI127E-01785	3.500
SI127E-01793	4.000
SI127E-01795	3.500
SI127E-01800	3.500
SI127E-01805	4.000
SI127E-01809	5.000
SI127E-01811	4.500
SI127E-01814	2.000
SI127E-01815	4.000
SI127E-01828	3.500
SI127E-01832	4.000
SI127E-01834	3.500
SI127E-01837	4.500
SI127E-01839	3.500
SI127E-01844	4.000
SI127E-01849	3.500
SI127E-01853	4.000
SI127E-01856	5.000
SI127E-01861	3.500
SI127E-01868	3.500
SI127E-01879	4.000
SI127E-01884	3.500
SI127E-01889	3.000
SI127E-01892	4.500
SI127E-01894	3.500
SI127E-01897	5.500
SI127E-01901	3.500
SI127E-01902	3.500
SI127E-01903	4.000
SI127E-01904	4.000
SI127E-01914	4.000
SI127E-01916	3.500
SI127E-01919	4.000
SI127E-01920	4.000
SI127E-01925	3.500
SI127E-01926	3.000
SI127E-01928	5.000
SI127E-01931	4.500
SI127E-01933	4.500
SI127E-01941	3.500
SI127E-01944	4.000
SI127E-01951	5.000
SI127E-01953	4.500
SI127E-01954	3.500
SI127E-01958	4.500
SI127E-01960	4.500
SI127E-01970	4.000
SI127E-01971	5.000
SI127E-01972	4.000
SI127E-01976	4.500
SI127E-01977	4.000
SI127E-01990	4.000
SI127E-01992	4.500
SI127E-01995	4.500
SI127E-01996	3.500
SI127E-01998	2.500
SI128D-00007	3.000
SI128D-00009	4.000
SI128D-00012	4.000
SI128D-00021	4.500
SI128D-00024	3.500
SI128D-00030	3.000
SI128D-00031	3.500
SI128D-00033	4.000
SI128D-00042	4.500
SI128D-00043	4.500
SI128D-00045	5.000
SI128D-00047	3.000
SI128D-00051	3.000
SI128D-00062	3.500
SI128D-00063	3.000
SI128D-00065	4.000
SI128D-00066	2.000
SI128D-00069	4.000
SI128D-00073	4.500
SI128D-00087	3.500
SI128D-00088	2.500
SI128D-00089	4.500
SI128D-00092	4.500
SI128D-00094	3.000
SI128D-00097	4.000
SI128D-00099	4.500
SI128D-00101	4.000
SI128D-00102	3.500
SI128D-00103	3.000
SI128D-00109	5.000
SI128D-00113	4.000
SI128D-00117	3.000
SI128D-00118	5.000
SI128D-00119	4.000
SI12BD-00014	4.500
SI12BD-00015	4.500
SI12BD-00023	4.500
SI12BD-00026	4.500
SI12BD-00028	4.000
SI12BD-00029	4.500
SI12BD-00031	4.000
SI12BD-00037	4.000
SI12BD-00044	3.500
SI12BD-00049	3.500
SI12BD-00053	4.000
SI12BD-00057	3.000
SI12BD-00059	4.000
SI12BD-00063	4.500
SI12BD-00067	3.500
SI12BD-00070	5.000
SI12BD-00076	4.500
SI12BD-00079	4.500
SI12BD-00088	4.500
SI12BD-00093	4.500
SI12BD-00094	3.500
SI12BD-00096	5.500
SI12BD-00098	4.000
SI12BD-00100	4.500
SI12BD-00104	4.500
SI12BD-00107	4.500
SI12BD-00111	4.500
SI12BD-00114	5.000
SI12BD-00115	3.500
SI12BD-00116	2.500
SI12BD-00117	5.000
SI12BD-00119	3.500
SI12BD-00126	3.500
SI12BD-00133	3.500
SI12BD-00140	4.500
SI12BD-00147	4.500
SI12BD-00155	4.000
SI12BD-00156	3.500
SI12BD-00157	3.500
SI12BD-00160	4.000
SI12BD-00169	2.500
SI12BD-00179	4.000
SI12BD-00187	3.500
SI12BD-00192	2.500
SI12BD-00194	5.000
SI12BD-00198	4.500
SI12BD-00203	3.000
SI12BD-00206	4.500
SI12BD-00208	4.000
SI12BD-00218	3.500
SI12BD-00223	4.500
SI12BD-00226	3.000
SI12BD-00231	3.500
SI12BD-00233	3.500
SI12BD-00234	3.500
SI12BD-00235	3.500
SI12BD-00237	5.000
SI12BD-00238	4.000
SI12BD-00240	2.500
SI12BD-00251	5.000
SI12BD-00252	4.500
SI12BD-00254	4.000
SI12BD-00270	4.000
SI12BD-00272	4.000
SI12BD-00274	4.000
SI12BD-00278	4.000
SI12BD-00294	4.000
SI12BD-00295	3.500
SI12BD-00299	4.500
SI12BD-00300	4.500
SI12BD-00304	4.000
SI12BD-00305	4.000
SI12BD-00309	4.000
SI12BD-00310	3.500
SI12BD-00315	5.000
SI12BD-00320	4.500
SI12BD-00328	4.000
SI12BD-00332	4.000
SI12BD-00335	4.000
SI12BD-00337	3.500
SI12BD-00343	4.500
SI12BD-00344	3.500
SI12BD-00346	4.000
SI12BD-00348	3.000
SI12BD-00349	4.000
SI12BD-00350	3.000
SI12BD-00354	3.500
SI12BD-00360	3.500
SI12BD-00361	3.500
SI12BD-00362	3.500
SI12BD-00364	4.000
SI12BD-00379	3.000
SI12BD-00385	4.500
SI12BD-00386	3.500
SI12BD-00388	4.500
SI12BD-00399	3.000
SI12BD-00407	4.000
SI12BD-00414	5.000
SI12BD-00415	4.000
SI12BD-00416	4.000
SI12BD-00417	3.500
SI12BD-00424	5.500
SI12BD-00429	4.500
SI12BD-00441	2.000
SI12BD-00442	4.000
SI12BD-00450	3.500
SI12BD-00452	4.000
SI12BD-00453	4.000
SI12BD-00455	4.500
SI12BD-00456	5.000
SI12BD-00458	5.500
SI12BD-00463	3.500
SI12BD-00465	3.000
SI12BD-00469	4.000
SI12BD-00475	4.000
SI12BD-00476	5.000
SI12BD-00489	3.500
SI12BD-00497	5.000
SI12BD-00498	4.000
SI12BD-00504	3.500
SI12BD-00521	4.500
SI12BD-00525	3.500
SI12BD-00527	4.000
SI12BD-00528	4.000
SI12BD-00530	4.500
SI12BD-00531	4.000
SI12BD-00534	4.500
SI12BD-00536	3.000
SI12BD-00539	3.500
SI12BD-00541	4.500
SI12BD-00550	5.000
SI12BD-00554	3.500
SI12BD-00555	3.000
SI12BD-00559	3.500
SI12BD-00564	3.500
SI12BD-00568	4.000
SI12BD-00570	5.000
SI12BD-00583	4.500
SI12BD-00592	3.500
SI12BD-00604	4.000
SI12BD-00608	4.000
SI12BD-00609	4.000
SI12BD-00617	3.000
SI12BD-00620	4.000
SI12BD-00621	2.500
SI12BD-00637	4.000
SI12BD-00639	4.500
SI12BD-00645	4.500
SI12BD-00651	5.000
SI12BD-00655	3.000
SI12BD-00657	4.000
SI12BD-00658	4.000
SI12BD-00659	4.500
SI12BD-00662	3.500
SI12BD-00663	3.500
SI12BD-00665	4.000
SI12BD-00666	5.500
SI12BD-00668	5.000
SI12BD-00673	4.500
SI12BD-00675	3.500
SI12BD-00678	4.500
SI12BD-00679	4.500
SI12BD-00688	3.000
SI12BD-00691	5.000
SI12BD-00693	4.000
SI12BD-00695	3.500
SI12BD-00696	3.500
SI12BD-00700	4.000
SI12BD-00703	5.000
SI12BD-00709	4.000
SI12BD-00710	4.000
SI12BD-00715	3.500
SI12BD-00718	3.500
SI12BD-00725	4.000
SI12BD-00727	3.500
SI12BD-00728	4.000
SI12BD-00732	4.000
SI12BD-00735	4.000
SI12BD-00739	3.500
SI12BD-00750	3.500
SI12BD-00755	3.500
SI12BD-00757	4.500
SI12BD-00770	4.000
SI12BD-00772	4.500
SI12BD-00773	5.000
SI12BD-00778	2.500
SI12BD-00783	4.500
SI12BD-00784	2.500
SI12BD-00789	5.000
SI12BD-00804	4.000
SI12BD-00806	4.500
SI12BD-00813	3.500
SI12BD-00815	5.500
SI12BD-00827	4.000
SI12BD-00829	5.000
SI12BD-00832	3.500
SI12BD-00836	3.500
SI12BD-00845	4.500
SI12BD-00852	4.500
SI12BD-00853	4.500
SI12BD-00857	4.000
SI12BD-00862	3.500
SI12BD-00869	3.500
SI12BD-00870	4.500
SI12BD-00874	4.500
SI12BD-00883	3.000
SI12BD-00893	3.500
SI12BD-00894	5.000
SI12BD-00897	3.500
SI12BD-00898	3.500
SI12BD-00899	3.500
SI12BD-00902	4.500
SI12BD-00904	4.000
SI12BD-00913	4.500
SI12BD-00922	4.000
SI12BD-00923	4.000
SI12BD-00925	3.000
SI12BD-00930	5.000
SI12BD-00931	4.500
SI12BD-00933	4.000
SI12BD-00934	3.000
SI12BD-00943	5.000
SI12BD-00954	4.500
SI12BD-00960	4.500
SI12BD-00968	3.500
SI12BD-00969	3.500
SI12BD-00971	4.000
SI12BD-00972	5.000
SI12BD-00980	4.500
SI12BD-00982	5.000
SI12BD-00990	4.000
SI12BD-00992	4.500
SI12BD-00993	3.000
SI12BD-00995	4.000
SI12BD-01004	4.000
SI12BD-01010	4.000
SI12BD-01011	4.500
SI12BD-01016	4.000
SI12BD-01020	3.500
SI12BD-01026	4.000
SI12BD-01035	3.500
SI12BD-01036	4.500
SI12BD-01039	3.500
SI12BD-01044	3.500
SI12BD-01050	4.500
SI12BD-01051	4.500
SI12BD-01059	4.500
SI12BD-01061	4.500
SI12BD-01073	3.500
SI12BD-01079	3.000
SI12BD-01083	5.000
SI12BD-01088	5.000
SI12BD-01097	3.500
SI12BD-01101	4.500
SI12BD-01103	4.500
SI12BD-01107	3.500
SI12BD-01111	4.000
SI12BD-01120	3.000
SI12BD-01122	3.500
SI12BD-01133	4.500
SI12BD-01134	4.000
SI12BD-01137	4.500
SI12BD-01142	4.500
SI12BD-01143	4.500
SI12BD-01150	5.000
SI12BD-01152	3.500
SI12BD-01165	4.000
SI12BD-01184	4.000
SI131R-00004	4.000
SI131R-00005	3.500
SI131R-00007	4.000
SI131R-00010	4.500
SI131R-00017	4.000
SI131R-00019	3.500
SI131R-00026	4.500
SI131R-00029	4.000
SI131R-00033	5.000
SI131R-00034	4.500
SI131R-00036	3.500
SI131R-00038	4.500
SI131R-00039	4.500
SI131R-00052	4.500
SI131R-00056	4.500
SI131R-00057	5.000
SI131R-00060	3.500
SI131R-00065	3.000
SI131R-00070	3.500
SI131R-00071	4.500
SI131R-00072	4.000
SI131R-00075	5.000
SI131R-00081	4.000
SI131R-00082	4.000
SI131R-00083	4.000
SI131R-00088	4.000
SI131R-00096	4.000
SI131R-00097	5.500
SI131R-00099	3.500
SI131R-00102	4.000
SI131R-00103	4.500
SI131R-00105	4.000
SI131R-00108	4.000
SI131R-00109	4.500
SI131R-00110	4.500
SI131R-00111	4.000
SI131R-00117	4.500
SI131R-00118	4.000
SI131R-00130	5.000
SI131R-00132	4.500
SI131R-00138	5.000
SI131R-00146	4.500
SI131R-00149	5.000
SI131R-00154	4.500
SI131R-00156	3.500
SI131R-00160	4.500
SI131R-00162	4.500
SI131R-00172	5.000
SI131R-00176	4.000
SI131R-00179	4.500
SI131R-00181	3.500
SI131R-00182	4.500
SI131R-00183	3.500
SI131R-00184	3.000
SI131R-00188	4.500
SI131R-00191	4.000
SI131R-00194	4.000
SI131R-00195	4.500
SI131R-00199	3.500
SI131R-00200	4.000
SI131R-00204	4.500
SI131R-00209	3.000
SI131R-00211	4.000
SI131R-00212	4.000
SI131R-00219	5.000
SI131R-00221	4.000
SI131R-00225	5.000
SI131R-00226	5.000
SI131R-00228	3.500
SI131R-00229	4.500
SI131R-00231	3.500
SI131R-00232	3.500
SI131R-00241	4.000
SI131R-00250	3.500
SI131R-00256	3.500
SI131R-00259	5.000
SI131R-00260	4.500
SI131R-00266	4.500
SI131R-00272	5.000
SI131R-00273	4.500
SI131R-00277	4.000
SI131R-00297	4.000
SI131R-00307	3.500
SI131R-00310	4.000
SI131R-00312	2.000
SI131R-00314	4.000
SI131R-00319	4.000
SI131R-00323	5.000
SI131R-00326	4.000
SI131R-00327	3.500
SI131R-00352	4.000
SI131R-00357	4.000
SI131R-00358	4.500
SI131R-00362	4.500
SI131R-00366	5.000
SI131R-00373	5.000
SI131R-00375	3.500
SI131R-00378	3.000
SI131R-00379	3.500
SI131R-00382	4.500
SI131R-00384	4.500
SI131R-00391	4.500
SI131R-00394	3.500
SI131R-00396	4.000
SI131R-00404	4.500
SI131R-00406	4.000
SI131R-00410	5.000
SI131R-00413	5.000
SI131R-00415	3.500
SI131R-00416	5.000
SI131R-00422	3.500
SI131R-00424	5.000
SI131R-00427	4.500
SI131R-00430	4.000
SI131R-00451	3.500
SI131R-00455	5.000
SI131R-00457	4.000
SI131R-00461	3.500
SI131R-00464	4.000
SI131R-00467	4.500
SI131R-00469	3.500
SI131R-00476	4.000
SI131R-00478	5.000
SI131R-00479	3.000
SI131R-00480	4.000
SI131R-00481	4.000
SI131R-00484	3.500
SI131R-00494	5.000
SI131R-00503	4.500
SI131R-00507	4.000
SI131R-00518	4.500
SI131R-00521	4.000
SI131R-00532	4.000
SI131R-00534	4.000
SI131R-00553	2.000
SI131R-00560	4.000
SI131R-00569	3.500
SI131R-00575	4.500
SI131R-00579	3.500
SI131R-00583	5.000
SI131R-00590	4.500
SI131R-00594	3.000
SI131R-00595	4.500
SI131R-00602	5.000
SI131R-00605	2.500
SI131R-00608	5.000
SI131R-00618	4.500
SI131R-00620	4.500
SI131R-00622	4.000
SI131R-00625	3.500
SI131R-00627	5.000
SI131R-00631	4.000
SI131R-00634	2.500
SI131R-00637	4.500
SI131R-00643	4.500
SI131R-00644	4.500
SI131R-00655	4.500
SI131R-00656	4.000
SI131R-00665	3.500
SI131R-00667	4.000
SI131R-00678	4.500
SI131R-00680	4.000
SI131R-00681	4.000
SI131R-00682	4.000
SI131R-00692	3.500
SI131R-00703	3.500
SI131R-00706	4.500
SI131R-00708	5.000
SI131R-00716	5.000
SI131R-00722	4.500
SI131R-00725	5.000
SI131R-00729	3.500
SI131R-00733	4.500
SI131R-00737	3.500
SI131R-00741	4.500
SI131R-00754	4.500
SI131R-00766	3.500
SI131R-00767	3.000
SI131R-00771	5.500
SI131R-00773	4.500
SI137O-00003	3.000
SI137O-00004	5.000
SI137O-00009	5.000
SI137O-00018	4.500
SI137O-00023	4.500
SI137O-00032	4.500
SI137O-00055	3.500
SI137O-00056	4.000
SI137O-00058	4.500
SI137O-00060	2.500
SI137O-00062	4.000
SI137O-00063	4.500
SI137O-00069	4.000
SI137O-00071	4.000
SI137O-00073	3.000
SI137O-00075	2.500
SI137O-00080	5.000
SI137O-00084	4.000
SI137O-00086	4.000
SI137O-00089	5.000
SI137O-00091	5.000
SI137O-00092	5.000
SI137O-00093	4.500
SI137O-00101	4.500
SI137O-00109	4.000
SI137O-00113	5.500
SI137O-00115	4.500
SI137O-00121	5.000
SI137O-00126	5.000
SI137O-00143	4.500
SI137O-00146	4.000
SI137O-00147	4.500
SI137O-00148	5.000
SI137O-00150	4.000
SI137O-00160	2.500
SI137O-00171	4.000
SI137O-00173	3.500
SI137O-00177	5.000
SI137O-00185	4.500
SI137O-00188	4.000
SI137O-00189	3.500
SI137O-00195	4.500
SI137O-00207	4.500
SI137O-00212	3.500
SI137O-00224	3.000
SI137O-00237	3.500
SI137O-00254	3.500
SI137O-00265	4.500
SI137O-00268	3.500
SI137O-00277	4.000
SI137O-00279	4.000
SI137O-00282	5.000
SI137O-00284	3.500
SI137O-00285	4.500
SI137O-00291	3.500
SI137O-00292	4.000
SI137O-00294	5.000
SI137O-00295	4.500
SI137O-00301	3.000
SI137O-00302	3.000
SI137O-00304	4.500
SI137O-00307	4.000
SI137O-00316	4.500
SI137O-00317	4.500
SI137O-00338	4.500
SI137O-00339	4.500
SI137O-00345	3.500
SI137O-00358	4.500
SI137O-00360	3.500
SI137O-00371	4.500
SI137O-00376	4.500
SI137O-00378	3.500
SI137O-00381	3.500
SI137O-00386	4.500
SI137O-00389	4.000
SI137O-00390	4.000
SI137O-00392	5.000
SI137O-00395	4.000
SI137O-00398	4.000
SI137O-00401	4.500
SI137O-00411	2.000
SI137O-00412	4.000
SI137O-00423	4.500
SI137O-00426	4.000
SI137O-00431	4.000
SI137O-00436	3.500
SI137O-00439	4.500
SI137O-00441	4.000
SI137O-00444	4.000
SI137O-00455	3.500
SI137O-00460	2.500
SI137O-00467	2.500
SI137O-00470	4.500
SI137O-00474	4.500
SI137O-00478	4.000
SI137O-00481	5.000
SI137O-00490	3.500
SI137O-00495	5.000
SI137O-00499	3.000
SI137O-00510	4.500
SI137O-00516	4.000
SI137O-00518	4.500
SI137O-00521	4.500
SI137O-00531	3.500
SI137O-00532	3.500
SI137O-00535	3.000
SI137O-00536	4.000
SI137O-00549	3.500
SI137O-00550	5.000
SI137O-00555	3.000
SI137O-00561	4.500
SI137O-00573	4.500
SI137O-00585	3.000
SI137O-00589	3.000
SI137O-00591	3.000
SI137O-00592	3.000
SI137O-00593	4.500
SI137O-00596	5.000
SI137O-00598	3.500
SI137O-00609	3.000
SI137O-00611	4.000
SI137O-00613	3.500
SI137O-00617	4.000
SI137O-00623	4.500
SI137O-00625	4.500
SI137O-00638	4.500
SI137O-00641	5.000
SI137O-00646	4.500
SI137O-00648	4.000
SI137O-00663	4.500
SI137O-00665	4.500
SI137O-00667	5.500
SI137O-00669	4.500
SI137O-00671	4.500
SI137O-00677	4.500
SI137O-00679	3.500
SI137O-00682	3.500
SI137O-00683	4.500
SI137O-00689	3.000
SI137O-00693	4.500
SI137O-00695	4.000
SI137O-00704	4.000
SI137O-00706	4.000
SI137O-00719	4.000
SI137O-00721	4.500
SI137O-00722	3.500
SI137O-00752	4.500
SI137O-00754	2.000
SI137O-00776	4.500
SI137O-00778	4.500
SI137O-00781	4.000
SI137O-00782	3.000
SI137O-00784	2.500
SI137O-00788	3.500
SI137O-00790	4.000
SI137O-00792	4.000
SI137O-00802	4.000
SI137O-00809	3.500
SI137O-00825	2.500
SI137O-00826	4.500
SI137O-00832	5.000
SI137O-00836	4.500
SI137O-00837	5.000
SI137O-00841	4.000
SI137O-00848	5.000
SI137O-00849	4.500
SI137O-00858	4.500
SI137O-00863	3.000
SI137O-00867	4.500
SI137O-00874	2.000
SI137O-00881	4.500
SI137O-00883	3.000
SI137O-00889	4.500
SI137O-00891	4.500
SI137O-00894	3.500
SI137O-00896	5.000
SI137O-00910	4.000
SI137O-00911	4.000
SI137O-00914	3.500
SI137O-00927	3.500
SI137O-00934	3.500
SI137O-00936	5.000
SI137O-00942	4.000
SI137O-00946	5.000
SI137O-00948	4.500
SI137O-00951	5.000
SI137O-00952	2.500
SI137O-00966	4.000
SI137O-00970	4.500
SI137O-00979	3.500
SI137O-00981	4.000
SI137O-00982	4.500
SI137O-00996	4.000
SI137O-00997	4.000
SI137O-00999	3.500
SI137O-01001	5.000
SI137O-01014	2.000
SI137O-01016	4.500
SI137O-01017	3.000
SI137O-01019	4.500
SI137O-01020	4.500
SI137O-01029	5.000
SI137O-01031	4.000
SI137O-01040	4.000
SI137O-01041	4.500
SI137O-01045	4.500
SI137O-01049	4.500
SI137O-01054	4.000
SI137O-01065	3.500
SI137O-01066	4.000
SI137O-01068	3.500
SI137O-01075	4.000
SI137O-01077	3.500
SI137O-01085	5.000
SI137O-01087	4.500
SI137O-01088	3.500
SI137O-01090	4.500
SI137O-01092	3.500
SI137O-01098	3.500
SI137O-01099	4.000
SI137O-01109	5.000
SI137O-01111	3.500
SI137O-01127	4.000
SI137O-01133	4.000
SI137O-01139	4.500
SI137O-01141	5.000
SI137O-01148	4.000
SI137O-01150	3.500
SI137O-01152	4.500
SI137O-01178	4.500
SI137O-01179	3.500
SI137O-01191	4.500
SI137O-01203	4.500
SI141B-00001	4.000
SI141B-00005	4.500
SI141B-00006	4.000
SI141B-00008	3.000
SI141B-00010	4.000
SI141B-00011	4.000
SI141B-00012	3.500
SI141B-00016	4.000
SI141B-00018	5.000
SI141B-00026	2.500
SI141B-00028	3.000
SI141B-00030	4.500
SI141B-00032	3.500
SI141B-00035	3.500
SI141B-00037	3.500
SI141B-00039	3.000
SI141B-00042	3.000
SI141B-00044	3.500
SI141B-00045	5.000
SI141B-00049	4.500
SI141B-00052	2.000
SI141B-00054	3.500
SI141B-00055	4.500
SI141B-00059	4.500
SI141B-00060	4.000
SI141B-00061	3.000
SI141B-00066	4.500
SI141B-00067	4.500
SI141B-00069	2.500
SI141B-00072	4.000
SI141B-00073	3.000
SI141B-00074	3.500
SI141B-00075	3.000
SI141B-00080	3.000
SI141B-00082	4.000
SI141B-00087	3.500
SI141B-00089	3.500
SI141B-00091	3.500
SI141B-00096	4.500
SI141B-00098	4.000
SI141B-00099	4.000
SI141B-00102	4.000
SI141B-00103	3.500
SI141B-00109	4.500
SI141B-00116	4.000
SI141B-00125	4.500
SI141B-00132	3.500
SI141B-00136	4.500
SI141B-00137	5.000
SI141B-00138	4.000
SI141B-00139	4.000
SI141B-00140	4.500
SI141B-00142	2.500
SI141B-00144	2.500
SI141B-00145	4.500
SI141B-00146	4.500
SI141B-00149	4.000
SI141B-00151	3.000
SI141B-00155	4.500
SI141B-00162	4.500
SI141B-00164	3.000
SI141B-00166	4.500
SI141B-00167	4.500
SI141B-00169	3.000
SI141B-00175	3.000
SI141B-00177	4.000
SI141B-00179	4.500
SI141B-00181	4.000
SI141B-00184	4.000
SI141B-00187	3.000
SI141B-00188	4.000
SI141B-00192	4.000
SI141B-00193	4.000
SI141B-00194	4.000
SI141B-00195	4.500
SI141B-00199	4.500
SI141B-00201	3.500
SI141B-00202	4.000
SI141B-00206	4.000
SI141B-00207	3.500
SI141B-00208	3.500
SI141B-00210	4.000
SI141B-00211	3.000
SI141B-00214	4.000
SI141B-00221	2.500
SI141B-00226	4.500
SI141B-00231	3.500
SI141B-00232	5.000
SI141B-00235	4.000
SI141B-00236	4.500
SI141B-00237	3.500
SI141B-00240	3.500
SI141B-00242	5.000
SI141B-00252	3.500
SI141B-00255	4.000
SI141B-00257	3.500
SI141B-00262	5.000
SI141B-00264	4.000
SI141B-00272	2.500
SI141B-00275	3.000
SI141B-00281	4.500
SI141B-00283	2.500
SI141B-00286	2.500
SI141B-00287	3.500
SI141B-00289	3.500
SI141B-00290	4.500
SI141B-00291	3.500
SI141B-00294	2.500
SI141B-00298	4.000
SI141B-00299	4.500
SI141B-00301	3.000
SI141B-00302	4.500
SI141B-00310	4.500
SI141B-00315	3.500
SI141B-00316	4.500
SI141B-00317	2.500
SI141B-00319	4.500
SI141B-00320	4.000
SI141B-00322	3.500
SI141B-00323	3.500
SI141B-00324	4.500
SI141B-00327	4.000
SI141B-00328	5.000
SI141B-00337	3.000
SI141B-00338	4.500
SI141B-00342	5.000
SI141B-00347	3.500
SI141B-00349	3.500
SI141B-00351	3.500
SI141B-00353	4.500
SI141B-00356	5.000
SI141B-00358	2.500
SI141B-00364	3.000
SI141B-00369	3.500
SI141B-00370	3.500
SI141B-00372	5.000
SI141B-00377	3.000
SI141B-00379	4.000
SI141B-00381	3.500
SI141B-00382	3.000
SI141B-00388	3.000
SI141B-00389	3.500
SI141B-00392	4.000
SI141B-00393	3.000
SI141B-00394	3.000
SI141B-00395	3.000
SI141B-00397	3.000
SI141B-00405	4.000
SI141B-00407	5.000
SI141B-00408	3.000
SI141B-00411	3.000
SI141B-00413	2.500
SI141B-00416	4.500
SI141B-00419	3.500
SI141B-00424	4.000
SI141B-00425	4.500
SI141B-00426	4.000
SI141B-00428	4.000
SI141B-00429	3.000
SI141B-00430	4.000
SI141B-00436	4.000
SI141B-00440	2.500
SI141B-00443	4.500
SI141B-00447	4.500
SI141B-00449	3.500
SI141B-00451	3.000
SI141B-00452	4.000
SI141B-00454	3.000
SI141B-00455	3.000
SI141B-00459	4.000
SI141B-00460	4.500
SI141B-00474	4.500
SI141B-00475	2.500
SI141B-00478	4.500
SI141B-00479	3.500
SI141B-00480	4.000
SI141B-00482	3.500
SI141B-00483	4.500
SI141B-00485	4.000
SI141B-00486	2.500
SI141B-00491	4.000
SI141B-00493	5.000
SI141B-00500	4.500
SI141B-00502	4.000
SI141B-00504	3.000
SI141B-00506	4.000
SI141B-00507	3.500
SI141B-00508	4.000
SI141B-00519	3.000
SI141B-00524	4.500
SI141B-00526	4.000
SI141B-00528	3.000
SI141B-00530	4.000
SI141B-00532	4.500
SI141B-00536	3.500
SI141B-00541	4.500
SI141B-00546	4.500
SI141B-00547	3.500
SI141B-00549	4.000
SI141B-00550	3.000
SI141B-00553	4.500
SI141B-00560	4.000
SI141B-00564	4.500
SI141B-00566	3.000
SI141B-00568	3.000
SI141B-00570	2.500
SI141B-00580	3.500
SI141B-00583	4.000
SI141B-00588	4.500
SI141B-00591	4.500
SI141B-00593	3.500
SI141B-00594	3.000
SI141B-00601	3.000
SI141B-00606	4.000
SI141B-00608	3.500
SI141B-00610	3.000
SI141B-00611	3.500
SI141B-00618	3.500
SI141B-00627	4.500
SI141B-00628	3.500
SI141B-00629	4.000
SI141B-00632	4.000
SI141B-00633	5.000
SI141B-00643	5.000
SI141B-00645	4.000
SI141B-00646	4.000
SI141B-00649	3.500
SI141B-00650	3.500
SI141B-00653	4.500
SI141B-00654	4.500
SI141B-00656	3.000
SI141B-00658	4.000
SI141B-00660	4.500
SI141B-00662	5.000
SI141B-00664	3.500
SI141B-00668	4.000
SI141B-00669	2.000
SI141B-00673	4.500
SI141B-00675	2.000
SI141B-00676	2.500
SI141B-00677	4.000
SI141B-00680	4.000
SI141B-00688	4.000
SI141B-00690	2.500
SI141B-00694	4.000
SI141B-00695	3.000
SI141B-00704	4.000
SI141B-00706	4.000
SI141B-00707	4.000
SI141B-00716	4.000
SI141B-00724	3.000
SI141B-00732	4.000
SI141B-00734	3.000
SI141B-00738	3.500
SI141B-00742	2.500
SI141B-00743	4.500
SI141B-00749	4.500
SI141B-00752	3.500
SI141B-00753	2.000
SI141B-00754	4.000
SI141B-00762	5.000
SI141B-00765	4.000
SI141B-00769	3.000
SI141B-00770	3.500
SI141B-00783	4.500
SI141B-00787	2.500
SI141B-00788	4.000
SI141B-00790	4.500
SI141B-00792	4.000
SI141B-00794	5.000
SI141B-00795	4.500
SI141B-00797	4.000
SI141B-00800	4.500
SI141B-00803	4.500
SI141B-00804	4.000
SI141B-00805	4.500
SI141B-00806	3.500
SI141B-00808	3.500
SI141B-00809	3.000
SI141B-00810	4.500
SI141B-00812	4.500
SI141B-00813	4.500
SI141B-00816	5.000
SI141B-00820	4.500
SI141B-00827	4.500
SI141B-00828	5.000
SI141B-00829	4.500
SI141B-00835	4.000
SI141B-00836	3.000
SI141B-00837	3.000
SI141B-00838	3.000
SI141B-00841	3.500
SI141B-00843	3.500
SI141B-00844	5.000
SI141B-00845	4.500
SI141B-00847	3.000
SI141B-00848	3.500
SI141B-00849	4.000
SI141B-00851	4.500
SI141B-00854	4.500
SI141B-00855	3.500
SI141B-00859	2.500
SI141B-00861	3.500
SI141B-00863	4.000
SI141B-00871	3.500
SI141B-00873	4.000
SI141B-00874	4.000
SI141B-00878	4.000
SI141B-00882	3.000
SI141B-00884	4.000
SI141B-00885	4.500
SI141B-00888	3.000
SI141B-00889	4.500
SI141B-00891	5.000
SI141B-00892	3.000
SI141B-00901	4.500
SI141B-00902	4.000
SI141B-00912	4.000
SI141B-00913	4.000
SI141B-00915	4.500
SI141B-00924	3.500
SI141B-00925	3.500
SI141B-00927	4.500
SI141B-00929	4.000
SI141B-00931	4.000
SI141B-00932	4.000
SI141B-00933	4.000
SI141B-00936	5.000
SI141B-00937	4.000
SI141B-00938	3.000
SI141B-00942	4.500
SI141B-00948	3.500
SI141B-00955	4.500
SI141B-00958	4.500
SI141B-00960	4.500
SI141B-00966	3.000
SI141B-00969	4.000
SI141B-00970	3.500
SI141B-00971	4.500
SI141B-00974	4.000
SI141B-00975	3.500
SI141B-00977	3.500
SI141B-00979	3.500
SI141B-00981	4.000
SI141B-00984	4.000
SI141B-00985	4.000
SI141B-00987	4.500
SI141B-00989	4.000
SI141B-01001	4.500
SI141B-01005	4.500
SI141B-01010	3.500
SI141B-01012	3.500
SI141B-01018	4.500
SI141B-01021	5.000
SI141B-01024	4.000
SI141B-01030	4.500
SI141B-01031	5.000
SI141B-01032	4.500
SI141B-01033	4.000
SI141B-01036	3.500
SI141B-01041	2.000
SI141B-01042	5.000
SI141B-01043	4.000
SI141B-01044	4.500
SI141B-01045	5.000
SI141B-01050	5.000
SI141B-01051	2.000
SI141B-01052	4.000
SI141B-01064	5.000
SI141B-01068	3.000
SI141B-01071	4.000
SI141B-01073	3.000
SI141B-01075	5.000
SI141B-01078	3.500
SI141B-01089	4.500
SI141B-01094	3.000
SI141B-01097	4.000
SI141B-01102	3.000
SI141B-01103	4.500
SI141B-01107	4.000
SI141B-01114	3.500
SI141B-01116	3.500
SI141B-01121	4.500
SI141B-01125	3.500
SI141B-01128	4.000
SI141B-01130	4.500
SI141B-01133	3.500
SI141B-01134	4.000
SI141B-01138	5.000
SI141B-01139	3.000
SI141B-01143	2.500
SI141B-01151	4.000
SI141B-01155	4.000
SI141B-01157	5.000
SI141B-01158	4.000
SI141B-01169	3.500
SI141B-01173	4.000
SI141B-01175	4.500
SI141B-01176	4.500
SI141B-01179	2.500
SI141B-01181	4.000
SI141B-01182	3.500
SI141B-01192	5.000
SI141B-01196	5.000
SI141B-01198	3.000
SI141B-01199	3.500
SI141B-01201	2.500
SI141B-01203	3.000
SI141B-01205	4.000
SI141B-01207	4.000
SI141B-01208	3.500
SI141B-01216	3.500
SI141B-01221	3.000
SI141B-01225	4.000
SI141B-01226	5.000
SI141B-01235	3.500
SI141B-01236	4.000
SI141B-01240	3.500
SI141B-01243	3.000
SI141B-01251	4.500
SI141B-01260	3.500
SI141B-01264	3.500
SI141B-01269	3.000
SI141B-01270	4.000
SI141B-01273	4.000
SI141B-01276	4.000
SI141B-01280	4.500
SI141B-01283	3.000
SI141B-01284	3.000
SI141B-01299	4.500
SI141B-01302	4.500
SI141B-01305	4.500
SI141B-01308	2.500
SI141B-01313	2.500
SI141B-01314	4.000
SI141B-01329	3.500
SI141B-01331	5.000
SI141B-01332	5.500
SI141B-01339	5.000
SI141B-01343	4.500
SI141B-01345	3.500
SI141B-01349	2.500
SI141B-01354	5.000
SI141B-01360	4.500
SI141B-01361	3.500
SI141B-01366	5.000
SI141B-01368	5.000
SI141B-01370	4.000
SI141B-01372	3.000
SI141B-01373	4.500
SI141B-01375	3.000
SI141B-01376	3.000
SI141B-01378	3.000
SI141B-01379	4.000
SI141B-01380	4.000
SI141B-01405	4.500
SI141B-01409	3.500
SI141B-01412	4.500
SI141B-01416	4.000
SI141B-01427	3.000
SI141B-01447	5.000
SI141B-01451	5.000
SI141B-01458	4.500
SI141B-01461	3.500
SI141B-01462	5.000
SI141B-01467	3.500
SI141B-01468	4.000
SI141B-01471	4.000
SI141B-01474	4.500
SI141B-01476	5.000
SI141B-01486	2.500
SI141B-01490	3.500
SI141B-01492	3.000
SI141B-01493	4.000
SI141B-01501	4.500
SI141B-01502	3.500
SI141B-01513	3.500
SI141B-01515	3.500
SI141B-01517	3.500
SI141B-01519	3.500
SI141B-01521	3.500
SI141B-01524	3.500
SI141B-01526	4.500
SI141B-01530	3.000
SI141B-01531	3.500
SI141B-01532	4.500
SI141B-01533	4.000
SI141B-01541	4.500
SI141B-01545	4.500
SI141B-01549	4.000
SI141B-01550	4.000
SI141B-01555	4.500
SI141B-01567	4.500
SI141B-01570	4.500
SI141B-01573	3.000
SI141B-01576	3.500
SI141B-01580	3.000
SI141B-01582	4.500
SI141B-01585	2.500
SI141B-01590	4.000
SI14AA-00004	3.000
SI14AA-00006	2.000
SI14AA-00012	4.500
SI14AA-00018	2.500
SI14AA-00021	3.500
SI14AA-00023	4.000
SI14AA-00025	2.500
SI14AA-00030	5.000
SI14AA-00031	3.500
SI14AA-00032	2.500
SI14AA-00033	2.500
SI14AA-00035	3.500
SI14AA-00036	4.500
SI14AA-00039	3.000
SI14AA-00043	3.500
SI14AA-00052	4.500
SI14AA-00054	3.500
SI14AA-00056	4.000
SI14AA-00057	3.500
SI14AA-00059	3.500
SI14AA-00061	4.000
SI14AA-00065	4.500
SI14AA-00069	4.500
SI14AA-00072	3.000
SI14AA-00077	2.000
SI14AA-00080	4.000
SI14AA-00083	3.500
SI14AA-00089	4.500
SI14AA-00091	4.500
SI14AA-00093	3.500
SI14AA-00098	3.500
SI14AA-00099	4.500
SI14AA-00101	3.500
SI14AA-00104	4.000
SI14AA-00109	3.500
SI14AA-00110	2.000
SI14AA-00112	5.500
SI14AA-00117	4.000
SI14AA-00119	4.500
SI14AA-00127	4.000
SI14AA-00131	3.500
SI14AA-00132	4.500
SI14AA-00134	4.000
SI14AA-00135	4.500
SI14AA-00137	4.000
SI14AA-00141	4.000
SI14AA-00143	2.500
SI14AA-00146	3.500
SI14AA-00147	3.000
SI14AA-00148	3.000
SI14AA-00149	4.000
SI14AA-00154	4.500
SI14AA-00159	5.000
SI14AA-00160	3.500
SI14AA-00163	3.000
SI14AA-00167	3.500
SI14AA-00171	3.000
SI14AA-00177	2.500
SI14AA-00184	5.000
SI14AA-00185	4.000
SI14AA-00187	3.000
SI14AA-00188	4.000
SI14AA-00190	3.000
SI14AA-00191	4.500
SI14AA-00193	2.500
SI14AA-00195	3.000
SI14AA-00196	3.500
SI14AA-00197	4.000
SI14AA-00200	5.000
SI14AA-00201	3.500
SI14AA-00207	3.500
SI14AA-00208	4.500
SI14AA-00209	3.500
SI14AA-00218	3.000
SI14AA-00220	4.500
SI14AA-00221	2.500
SI14AA-00224	3.500
SI14AA-00226	5.000
SI14AA-00230	3.000
SI14AA-00231	3.500
SI14AA-00232	4.500
SI14AA-00236	3.000
SI14AA-00240	4.000
SI14AA-00242	4.500
SI14AA-00243	2.500
SI14AA-00244	4.500
SI14AA-00246	4.500
SI14AA-00253	3.500
SI14AA-00256	4.000
SI14AA-00257	4.500
SI14AA-00260	4.500
SI14AA-00263	3.000
SI14AA-00264	3.500
SI14AA-00265	4.500
SI14AA-00268	3.000
SI14AA-00269	3.500
SI14AA-00270	2.500
SI14AA-00274	3.500
SI14AA-00276	4.000
SI14AA-00279	4.000
SI14AA-00280	2.500
SI14AA-00281	2.500
SI14AA-00284	4.000
SI14AA-00288	4.500
SI14AA-00289	3.500
SI14AA-00299	2.000
SI14AA-00301	2.500
SI14AA-00306	4.000
SI14AA-00308	3.000
SI14AA-00311	4.000
SI14AA-00316	3.000
SI14AA-00318	3.500
SI14AA-00319	4.000
SI14AA-00320	4.000
SI14AA-00325	4.000
SI14AA-00326	3.000
SI14AA-00330	5.000
SI14AA-00332	4.500
SI14AA-00333	3.500
SI14AA-00334	2.500
SI14AA-00335	4.500
SI14AA-00339	2.500
SI14AA-00344	5.500
SI14AA-00345	4.500
SI14AA-00346	3.500
SI14AA-00349	4.000
SI14AA-00353	3.000
SI14AA-00354	4.500
SI14AA-00359	3.000
SI14AA-00360	4.500
SI14AA-00364	3.000
SI14AA-00369	5.000
SI14AA-00370	3.500
SI14AA-00373	4.000
SI14AA-00382	3.500
SI14AA-00384	3.000
SI14AA-00388	4.500
SI14AA-00393	3.500
SI14AA-00395	3.500
SI14AA-00400	4.000
SI14AA-00404	4.500
SI14AA-00409	4.500
SI14AA-00411	5.000
SI14AA-00412	2.500
SI14AA-00414	4.500
SI14AA-00416	4.500
SI14AA-00417	4.000
SI14AA-00419	2.500
SI14AA-00426	4.500
SI14AA-00428	3.500
SI14AA-00433	2.500
SI14AA-00434	3.000
SI14AA-00441	4.000
SI14AA-00443	3.000
SI14AA-00445	3.000
SI14AA-00447	4.000
SI14AA-00449	4.500
SI14AA-00454	4.000
SI14AA-00456	3.500
SI14AA-00460	3.500
SI14AA-00461	2.500
SI14AA-00465	4.500
SI14AA-00467	3.500
SI14AA-00469	3.500
SI14AA-00472	3.500
SI14AA-00473	4.000
SI14AA-00474	3.500
SI14AA-00480	3.000
SI14AA-00481	3.500
SI14AA-00482	4.500
SI14AA-00484	5.000
SI14AA-00486	3.000
SI14AA-00490	2.500
SI14AA-00492	4.000
SI14AA-00493	4.000
SI14AA-00494	3.500
SI14AA-00495	4.500
SI14AA-00496	4.000
SI14AA-00497	5.000
SI14AA-00502	2.000
SI14AA-00506	4.500
SI14AA-00509	3.000
SI14AA-00510	4.000
SI14AA-00514	2.500
SI14AA-00521	3.500
SI14AA-00525	4.500
SI14AA-00526	4.000
SI14AA-00527	3.000
SI14AA-00528	4.000
SI14AA-00531	4.500
SI14AA-00534	4.000
SI14AA-00540	2.500
SI14AA-00543	4.000
SI14AA-00549	5.000
SI14AA-00550	2.000
SI14AA-00552	4.000
SI14AA-00553	4.000
SI14AA-00554	3.000
SI14AA-00557	4.000
SI14AA-00559	4.000
SI14AA-00563	3.000
SI14AA-00567	3.500
SI14AA-00573	5.000
SI14AA-00574	3.000
SI14AA-00576	4.000
SI14AA-00579	3.500
SI14AA-00580	4.500
SI14AA-00588	4.000
SI14AA-00590	4.500
SI14AA-00591	2.000
SI14AA-00593	4.000
SI14AA-00595	4.500
SI14AA-00607	5.000
SI14AA-00609	2.500
SI14AA-00614	4.000
SI14AA-00615	3.500
SI14AA-00629	4.000
SI14AA-00634	4.500
SI14AA-00636	3.500
SI14AA-00638	3.500
SI14AA-00639	4.000
SI14AA-00640	3.000
SI14AA-00641	5.000
SI14AA-00643	3.500
SI14AA-00644	4.500
SI14AA-00645	4.000
SI14AA-00646	3.500
SI14AA-00648	4.500
SI14AA-00649	4.500
SI14AA-00650	3.500
SI14AA-00652	4.500
SI14AA-00653	4.000
SI14AA-00657	3.000
SI14AA-00663	4.000
SI14AA-00664	4.000
SI14AA-00665	4.500
SI14AA-00670	3.500
SI14AA-00672	4.500
SI14AA-00673	3.000
SI14AA-00676	4.000
SI14AA-00682	4.500
SI14AA-00685	2.500
SI14AA-00690	3.000
SI14AA-00693	3.500
SI14AA-00694	3.000
SI14AA-00695	3.500
SI14AA-00700	5.000
SI14AA-00701	3.000
SI14AA-00704	4.000
SI14AA-00706	4.500
SI14AA-00708	4.000
SI14AA-00722	2.000
SI14AA-00725	4.000
SI14AA-00733	4.000
SI14AA-00735	4.000
SI14AA-00739	4.000
SI14AA-00744	4.000
SI14AA-00748	3.500
SI14AA-00753	5.000
SI14AA-00754	4.000
SI14AA-00756	2.000
SI14AA-00761	4.000
SI14AA-00763	3.500
SI14AA-00764	3.500
SI14AA-00765	3.000
SI14AA-00768	2.000
SI14AA-00776	4.500
SI14AA-00779	4.500
SI14AA-00780	5.500
SI14AA-00784	3.000
SI14AA-00786	4.500
SI14AA-00787	2.000
SI14AA-00792	5.000
SI14AA-00793	4.500
SI14AA-00796	3.000
SI14AA-00798	4.500
SI14AA-00799	4.000
SI14AA-00807	4.000
SI14AA-00808	4.000
SI14AA-00810	4.500
SI14AA-00811	4.000
SI14AA-00812	5.000
SI14AA-00817	3.500
SI14AA-00820	3.500
SI14AA-00823	3.500
SI14AA-00824	5.000
SI14AA-00830	3.500
SI14AA-00837	3.500
SI14AA-00843	2.500
SI14AA-00844	3.000
SI14AA-00852	3.500
SI14AA-00853	5.000
SI14AA-00855	3.000
SI14AA-00856	4.000
SI14AA-00858	4.500
SI14AA-00859	5.500
SI14AA-00869	4.000
SI14AA-00873	4.000
SI14AA-00875	3.000
SI14AA-00878	4.000
SI14AA-00881	4.000
SI14AA-00886	4.000
SI14AA-00893	4.000
SI14AA-00895	2.500
SI14AA-00900	4.500
SI14AA-00904	4.500
SI14AA-00905	5.000
SI14AA-00911	3.500
SI14AA-00918	4.000
SI14AA-00920	4.500
SI14AA-00929	3.500
SI14AA-00943	4.500
SI14AA-00944	3.000
SI14AA-00945	4.000
SI14AA-00946	4.500
SI14AA-00947	3.500
SI14AA-00948	4.500
SI14AA-00949	3.500
SI14AA-00951	3.000
SI14AA-00956	4.500
SI14AA-00958	4.500
SI14AA-00960	3.500
SI14AA-00964	4.000
SI14AA-00967	4.000
SI14AA-00968	4.000
SI14AA-00975	4.000
SI14AA-00983	4.000
SI14AA-00985	3.000
SI14AA-00988	4.000
SI14AA-00989	2.500
SI14AA-00990	3.500
SI14AA-00991	5.000
SI14AA-00993	3.000
SI14AA-00996	4.000
SI14AA-01002	3.500
SI14AA-01005	3.000
SI14AA-01007	3.000
SI14AA-01011	4.000
SI14AA-01012	3.500
SI14AA-01013	2.500
SI14AA-01020	3.000
SI14AA-01022	3.000
SI14AA-01025	5.000
SI14AA-01029	4.000
SI14AA-01030	4.000
SI14AA-01033	4.500
SI14AA-01035	3.000
SI14AA-01037	4.000
SI14AA-01038	4.500
SI14AA-01040	4.000
SI14AA-01043	4.500
SI14AA-01057	3.000
SI14AA-01058	5.000
SI14AA-01061	4.500
SI14AA-01065	3.000
SI14AA-01071	4.000
SI14AA-01079	3.500
SI14AA-01080	3.500
SI14AA-01081	4.000
SI14AA-01082	4.000
SI14AA-01089	5.000
SI14AA-01094	4.500
SI14AA-01097	4.500
SI14AA-01101	3.500
SI14AA-01103	4.500
SI14AA-01104	3.000
SI14AA-01108	3.500
SI14AA-01118	3.500
SI14AA-01120	3.000
SI14AA-01122	4.000
SI14AA-01124	3.000
SI14AA-01126	3.000
SI14AA-01128	3.500
SI14AA-01129	3.000
SI14AA-01135	3.000
SI14AA-01136	3.500
SI14AA-01138	4.500
SI14AA-01141	4.500
SI14AA-01144	3.000
SI14AA-01146	3.500
SI14AA-01163	4.500
SI14AA-01164	4.500
SI14AA-01171	3.000
SI14AA-01174	4.500
SI14AA-01183	4.000
SI14AA-01187	3.500
SI14AA-01188	3.000
SI14AA-01189	5.000
SI14AA-01190	4.000
SI14AA-01195	3.000
SI14AA-01199	3.500
SI14AA-01203	3.000
SI14AA-01213	2.500
SI14AA-01214	4.000
SI14AA-01216	4.500
SI14AA-01224	2.500
SI14AA-01226	4.500
SI14AA-01227	3.000
SI14AA-01228	3.500
SI14AA-01232	4.000
SI14AA-01234	4.000
SI14AA-01235	2.500
SI14AA-01236	3.500
SI14AA-01237	5.000
SI14AA-01240	3.000
SI14AA-01241	2.500
SI14AA-01242	4.500
SI14AA-01245	4.500
SI14AA-01246	4.000
SI14AA-01247	3.000
SI14AA-01249	3.500
SI14AA-01250	4.500
SI14AA-01251	3.500
SI14AA-01256	4.000
SI14AA-01262	2.500
SI14AA-01263	3.500
SI14AA-01269	3.500
SI14AA-01272	3.000
SI14AA-01281	2.000
SI14AA-01282	5.000
SI14AA-01285	3.500
SI14AA-01288	3.500
SI14AA-01292	4.000
SI14AA-01295	4.000
SI14AA-01299	4.500
SI14AA-01305	4.500
SI14AA-01314	4.500
SI14AA-01319	2.500
SI14AA-01322	3.500
SI14AA-01324	2.500
SI14AA-01327	4.500
SI14AA-01329	2.500
SI14AA-01335	4.500
SI14AA-01339	4.500
SI14AA-01350	3.500
SI14AA-01354	3.500
SI14AA-01365	5.000
SI14AA-01367	4.500
SI14AA-01368	3.000
SI14AA-01372	4.000
SI14AA-01377	4.000
SI14AA-01386	4.500
SI14AA-01387	4.500
SI14AA-01397	3.500
SI14AA-01408	3.500
SI14AA-01413	4.000
SI14AA-01416	4.500
SI14AA-01424	4.000
SI14AA-01431	3.000
SI14AA-01432	4.000
SI14AA-01434	2.500
SI14AA-01442	3.500
SI14AA-01445	3.000
SI14AA-01451	4.500
SI14AA-01453	4.000
SI14AA-01454	3.500
SI14AA-01455	4.000
SI14AA-01458	3.500
SI14AA-01460	4.000
SI14AA-01464	5.500
SI14AA-01465	4.000
SI14AA-01474	4.500
SI14AA-01475	4.500
SI14AA-01479	3.000
SI14AA-01486	3.000
SI14AA-01488	3.500
SI14AA-01490	4.000
SI14AA-01491	5.000
SI14AA-01496	3.500
SI14AA-01500	2.000
SI14AA-01505	3.500
SI14AA-01509	4.000
SI14AA-01510	2.500
SI14AA-01513	5.000
SI14AA-01521	4.000
SI14AA-01537	3.500
SI14AA-01540	3.500
SI14AA-01541	5.000
SI14AA-01543	4.000
SI14AA-01545	4.000
SI14AA-01549	3.000
SI14AA-01550	4.500
SI14AA-01553	4.500
SI14AA-01554	2.500
SI14AA-01558	5.000
SI14AA-01569	4.000
SI14AA-01571	4.000
SI14AA-01573	4.000
SI14AA-01577	4.500
SI14AA-01579	4.500
SI14AA-01582	5.500
SI14AA-01586	3.500
SI14AA-01588	4.500
SI14AA-01589	2.500
SI14AA-01590	5.000
SI14AA-01596	4.500
SI14AA-01598	4.500
SI14AA-01605	3.500
SI14AA-01607	3.500
SI14AA-01622	5.000
SI14AA-01631	5.000
SI14AA-01632	3.000
SI14AA-01636	5.000
SI14AA-01638	4.500
SI14AA-01639	2.000
SI14AA-01646	4.000
SI14AA-01648	3.000
SI14AA-01649	5.000
SI14AA-01658	4.500
SI14AA-01663	4.500
SI14AA-01666	3.000
SI14AA-01667	5.000
SI14AA-01670	4.000
SI14AA-01671	3.000
SI14AA-01684	4.000
SI14AA-01693	4.000
SI14AA-01701	4.500
SI14AA-01710	3.500
SI14AA-01723	4.500
SI14AA-01732	3.000
SI14AA-01737	4.500
SI14AA-01756	4.000
SI14AA-01766	3.000
SI14AA-01767	3.500
SI14AA-01771	4.000
SI14AA-01774	2.500
SI14AA-01776	5.000
SI14AA-01777	3.500
SI14AA-01788	3.500
SI14AA-01796	4.000
SI14AA-01798	5.000
SI14AA-01802	3.500
SI14AA-01803	2.500
SI14AA-01806	3.500
SI14AA-01818	3.500
SI14AA-01827	3.500
SI14AA-01837	4.000
SI14AA-01843	3.500
SI14AA-01846	3.500
SI14AA-01849	3.500
SI14AA-01866	4.500
SI14B7-00001	3.500
SI14B7-00002	4.500
SI14B7-00004	3.000
SI14B7-00005	4.000
SI14B7-00015	2.500
SI14B7-00019	4.500
SI14B7-00020	2.500
SI14B7-00024	4.000
SI14B7-00030	4.000
SI14B7-00041	3.500
SI14B7-00043	3.500
SI14B7-00044	3.000
SI14B7-00047	4.500
SI14B7-00048	3.500
SI14B7-00049	2.500
SI14B7-00057	4.000
SI14B7-00059	2.500
SI14B7-00068	3.500
SI14B7-00071	4.000
SI14B7-00072	4.500
SI14B7-00075	3.500
SI14B7-00076	3.500
SI14B7-00082	4.000
SI14B7-00083	5.000
SI14B7-00085	3.000
SI14B7-00089	4.000
SI14B7-00091	4.500
SI14B7-00093	4.500
SI14B7-00098	4.000
SI14B7-00100	3.000
SI14B7-00106	5.000
SI14B7-00107	4.000
SI14B7-00116	3.500
SI14B7-00117	4.500
SI14B7-00122	3.000
SI14B7-00126	4.000
SI14B7-00134	4.000
SI14B7-00139	5.000
SI14B7-00147	3.000
SI14B7-00148	3.500
SI14B7-00150	3.500
SI14B7-00155	3.500
SI14B7-00157	3.000
SI14B7-00166	3.500
SI14B7-00174	3.000
SI14B7-00175	3.500
SI14B7-00189	4.500
SI14BU-00006	2.500
SI14BU-00007	4.000
SI14BU-00008	4.000
SI14BU-00009	3.500
SI14BU-00012	4.500
SI14BU-00018	3.500
SI14BU-00019	3.000
SI14BU-00020	4.000
SI14BU-00027	3.500
SI14BU-00030	4.000
SI14BU-00032	2.500
SI14BU-00039	3.500
SI14BU-00040	4.000
SI14BU-00041	3.500
SI14BU-00042	4.000
SI14BU-00046	5.000
SI14BU-00048	5.000
SI14BU-00051	3.500
SI14BU-00056	3.000
SI14BU-00057	4.000
SI14BU-00059	2.500
SI14BU-00061	3.500
SI14BU-00066	4.000
SI14BU-00068	5.500
SI14BU-00070	3.000
SI14BU-00073	2.500
SI14BU-00074	4.500
SI14BU-00075	4.500
SI14BU-00076	5.000
SI14BU-00077	4.000
SI14BU-00080	4.500
SI14BU-00081	4.500
SI14BU-00084	4.000
SI14BU-00087	3.500
SI14BU-00091	3.000
SI14BU-00097	4.000
SI14BU-00098	4.000
SI14BU-00099	3.000
SI14BU-00100	3.000
SI14BU-00105	4.000
SI14BU-00112	4.000
SI14BU-00118	3.000
SI14BU-00119	4.000
SI14BU-00122	2.500
SI14BU-00123	2.500
SI14BU-00124	3.000
SI14BU-00128	3.000
SI14BU-00129	3.500
SI14BU-00131	4.000
SI14BU-00132	3.500
SI14BU-00133	3.500
SI14BU-00136	2.500
SI14BU-00141	3.500
SI14BU-00151	3.500
SI14BU-00157	4.000
