passive_count,modal_count,conditional_type_2,avg_sentence_len,level
0.05263157894736842,0.016877637130801686,0,24.94736842105263,B2
0.12903225806451613,0.011976047904191617,0,21.548387096774192,B2
0.07142857142857142,0.0,0,16.857142857142858,B2
0.17647058823529413,0.013333333333333334,0,17.647058823529413,B2
0.15,0.022284122562674095,0,17.95,B2
0.16666666666666666,0.04067796610169491,0,16.38888888888889,B2
0.10526315789473684,0.007352941176470588,0,17.894736842105264,B2
0.05,0.0033112582781456954,0,15.1,B2
0.0,0.004545454545454545,0,14.666666666666666,B2
0.1,0.012121212121212121,0,16.5,B2
0.037037037037037035,0.014705882352941176,0,12.592592592592593,B2
0.23809523809523808,0.026570048309178744,0,19.714285714285715,B2
0.1346153846153846,0.006045949214026602,0,15.903846153846153,B2
0.09523809523809523,0.015384615384615385,0,15.476190476190476,B2
0.5882352941176471,0.014134275618374558,0,16.647058823529413,B2
0.07142857142857142,0.011553273427471117,0,18.547619047619047,B2
0.047619047619047616,0.003246753246753247,0,14.666666666666666,B2
0.0625,0.019736842105263157,0,19.0,B2
0.10344827586206896,0.006024096385542169,0,17.17241379310345,B2
0.19230769230769232,0.0,0,14.346153846153847,B2
0.15789473684210525,0.014705882352941176,0,14.31578947368421,B2
0.3,0.010238907849829351,0,14.65,B2
0.0,0.0035971223021582736,0,18.533333333333335,B2
0.0,0.036923076923076927,0,12.037037037037036,B2
0.14285714285714285,0.013157894736842105,0,32.57142857142857,B2
0.15151515151515152,0.010954616588419406,0,19.363636363636363,B2
0.02702702702702703,0.011188811188811189,0,19.324324324324323,B2
0.14814814814814814,0.004555808656036446,0,16.25925925925926,B2
0.35294117647058826,0.00625,0,18.823529411764707,B2
0.06666666666666667,0.0,0,9.9,B2
0.1,0.0032258064516129032,0,15.5,B2
0.043478260869565216,0.003289473684210526,0,13.217391304347826,B2
0.05555555555555555,0.0,0,12.944444444444445,B2
0.18181818181818182,0.0033112582781456954,0,13.727272727272727,B2
0.23076923076923078,0.003246753246753247,0,11.846153846153847,B2
0.0,0.01358695652173913,0,19.36842105263158,B2
0.08928571428571429,0.00715307582260372,0,12.482142857142858,B2
0.10526315789473684,0.0,0,14.210526315789474,B2
0.02564102564102564,0.010626992561105207,0,24.128205128205128,B2
0.23404255319148937,0.023162134944612285,0,21.127659574468087,B2
0.02564102564102564,0.0052173913043478265,0,14.743589743589743,B2
0.09090909090909091,0.0,0,12.590909090909092,B2
0.0,0.007712082262210797,0,14.407407407407407,B2
0.06896551724137931,0.01171875,0,17.655172413793103,B2
0.0,0.004357298474945534,0,22.95,B2
0.3,0.004608294930875576,0,21.7,B2
0.08333333333333333,0.0,0,12.375,B2
0.11764705882352941,0.0,0,17.529411764705884,B2
0.1,0.007453416149068323,0,20.125,B2
0.08333333333333333,0.002482929857231533,0,16.78125,B2
0.2,0.0,0,27.3,B2
0.07407407407407407,0.0,0,11.25925925925926,B2
0.2222222222222222,0.0,0,21.944444444444443,B2
0.1875,0.00641025641025641,0,9.75,B2
0.10526315789473684,0.003355704697986577,0,15.68421052631579,B2
0.2,0.0034129692832764505,0,14.65,B2
0.2,0.0,0,19.6,B2
0.08333333333333333,0.014285714285714285,0,13.125,B2
0.24,0.009966777408637873,0,12.04,B2
0.1,0.012618296529968454,0,15.85,B2
0.17391304347826086,0.0035087719298245615,0,12.391304347826088,B2
0.11904761904761904,0.01644398766700925,0,23.166666666666668,B2
0.05263157894736842,0.016611295681063124,0,15.842105263157896,B2
0.1875,0.01662049861495845,0,22.5625,B2
0.17647058823529413,0.003278688524590164,0,17.941176470588236,B2
0.0,0.01279317697228145,0,16.75,B2
0.1875,0.009523809523809525,0,19.6875,B2
0.08695652173913043,0.003205128205128205,0,13.565217391304348,B2
0.23076923076923078,0.007874015748031496,0,19.53846153846154,B2
0.27419354838709675,0.01763668430335097,0,18.29032258064516,B2
0.2222222222222222,0.0056179775280898875,0,19.77777777777778,B2
0.20833333333333334,0.011194029850746268,0,11.166666666666666,B2
0.07407407407407407,0.006359300476947536,0,23.296296296296298,B2
0.14285714285714285,0.01639344262295082,1,19.607142857142858,B2
0.1794871794871795,0.01020408163265306,0,17.58974358974359,B2
0.23529411764705882,0.025477707006369428,0,18.470588235294116,B2
0.22727272727272727,0.0,0,13.318181818181818,B2
0.047619047619047616,0.0030959752321981426,0,15.380952380952381,B2
0.1875,0.0,0,15.5,B2
0.10344827586206896,0.010398613518197574,0,19.896551724137932,B2
0.1951219512195122,0.008998875140607425,0,21.682926829268293,B2
0.058823529411764705,0.0041841004184100415,0,14.058823529411764,B2
0.0,0.006535947712418301,0,12.75,B2
0.0,0.016355140186915886,0,30.571428571428573,B2
0.5,0.003289473684210526,0,16.88888888888889,B2
0.0625,0.0041841004184100415,1,14.9375,B2
0.05263157894736842,0.014367816091954023,0,18.31578947368421,B2
0.04,0.0165016501650165,0,12.12,B2
0.0,0.017241379310344827,0,16.571428571428573,B2
0.21875,0.0019193857965451055,0,16.28125,B2
0.14285714285714285,0.0,0,17.0,B2
0.0,0.0033112582781456954,0,15.1,B2
0.0,0.00796812749003984,0,14.342857142857143,B2
0.2391304347826087,0.004962779156327543,0,17.52173913043478,B2
0.0,0.01263157894736842,0,16.379310344827587,B2
0.18518518518518517,0.007680491551459293,0,24.11111111111111,B2
0.07228915662650602,0.008350730688935281,0,17.313253012048193,B2
0.14634146341463414,0.003778337531486146,1,19.365853658536587,B2
0.21428571428571427,0.0,0,21.642857142857142,B2
0.13043478260869565,0.001736111111111111,0,12.521739130434783,B2
0.21428571428571427,0.011583011583011582,0,18.5,B2
0.175,0.007947019867549669,0,18.875,B2
0.0,0.0,0,11.75,B2
0.3125,0.023026315789473683,0,19.0,B2
0.10256410256410256,0.00782472613458529,0,16.384615384615383,B2
0.037037037037037035,0.006015037593984963,0,24.62962962962963,B2
0.07272727272727272,0.02328042328042328,0,17.181818181818183,B2
0.0,0.0,0,15.833333333333334,B2
0.16666666666666666,0.018666666666666668,0,20.833333333333332,B2
0.15555555555555556,0.007874015748031496,0,16.933333333333334,B2
0.208955223880597,0.006789524733268671,0,15.388059701492537,B2
0.11764705882352941,0.007194244604316547,0,16.352941176470587,B2
0.15789473684210525,0.009202453987730062,0,17.157894736842106,B2
0.19148936170212766,0.006648936170212766,0,16.0,B2
0.14772727272727273,0.008215085884988798,0,15.215909090909092,B2
0.0,0.02247191011235955,0,33.375,B2
0.22727272727272727,0.022172949002217297,0,20.5,B2
0.057692307692307696,0.011025358324145534,0,17.442307692307693,B2
0.05263157894736842,0.0018832391713747645,0,13.973684210526315,B2
0.06896551724137931,0.0032,0,21.551724137931036,B2
0.037037037037037035,0.009107468123861567,0,20.333333333333332,B2
0.0,0.0033444816053511705,0,18.6875,B2
0.3125,0.0,0,17.5625,B2
0.3333333333333333,0.0016611295681063123,0,18.242424242424242,B2
0.07142857142857142,0.010428736964078795,0,20.547619047619047,B2
0.09090909090909091,0.0,0,20.545454545454547,B2
0.16666666666666666,0.004934210526315789,0,20.266666666666666,B2
0.07407407407407407,0.011093502377179081,0,23.37037037037037,B2
0.10526315789473684,0.009375,0,16.842105263157894,B2
0.2631578947368421,0.007936507936507936,0,23.210526315789473,B2
0.022222222222222223,0.015021459227467811,0,20.711111111111112,B2
0.09090909090909091,0.017766497461928935,1,17.90909090909091,B2
0.2,0.0,0,18.133333333333333,B2
0.16666666666666666,0.008403361344537815,0,24.791666666666668,B2
0.041666666666666664,0.006160164271047228,0,20.291666666666668,B2
0.0,0.0,0,17.454545454545453,B2
0.045454545454545456,0.0,0,8.863636363636363,B2
0.11764705882352941,0.003424657534246575,0,17.176470588235293,B2
0.21052631578947367,0.008875739644970414,0,17.789473684210527,B2
0.1,0.003424657534246575,0,14.6,B2
0.08108108108108109,0.013435700575815739,0,14.08108108108108,B2
0.16666666666666666,0.0109717868338558,0,21.266666666666666,B2
0.11764705882352941,0.0,0,15.882352941176471,B2
0.11666666666666667,0.022817460317460316,0,16.8,B2
0.125,0.0,0,18.8125,B2
0.12307692307692308,0.017276422764227643,0,15.138461538461538,B2
0.13333333333333333,0.010869565217391304,0,24.533333333333335,B2
0.09090909090909091,0.006505576208178439,0,13.974025974025974,B2
0.11538461538461539,0.0,0,10.76923076923077,B2
0.22727272727272727,0.02109704641350211,0,21.545454545454547,B2
0.24242424242424243,0.00667779632721202,0,18.151515151515152,B2
0.1111111111111111,0.006160164271047228,0,27.055555555555557,B2
0.16666666666666666,0.003389830508474576,0,12.291666666666666,B2
0.0,0.008726003490401396,0,26.045454545454547,B2
0.10869565217391304,0.0024813895781637717,0,17.52173913043478,B2
0.05,0.0,0,15.3,B2
0.11764705882352941,0.010526315789473684,0,16.764705882352942,B2
0.1956521739130435,0.01637852593266606,0,23.891304347826086,B2
0.24,0.00909090909090909,0,13.2,B2
0.13513513513513514,0.012224938875305624,0,22.10810810810811,B2
0.0,0.0,0,11.857142857142858,B2
0.03225806451612903,0.009819967266775777,0,19.70967741935484,B2
0.045454545454545456,0.015364916773367477,0,17.75,B2
0.3333333333333333,0.0,0,17.666666666666668,B2
0.13043478260869565,0.009015777610818933,0,28.934782608695652,B2
0.13043478260869565,0.006369426751592357,0,13.652173913043478,B2
0.18181818181818182,0.002886002886002886,0,21.0,B2
0.2,0.007391763463569166,0,21.044444444444444,B2
0.09433962264150944,0.015212981744421906,0,18.60377358490566,B2
0.35,0.0034129692832764505,0,14.65,B2
0.23529411764705882,0.0,0,17.705882352941178,B2
0.0,0.04142011834319527,0,18.77777777777778,B2
0.0,0.0,0,15.476190476190476,B2
0.0,0.013888888888888888,0,18.0,B2
0.25925925925925924,0.0,0,10.925925925925926,B2
0.0975609756097561,0.02027027027027027,0,18.048780487804876,B2
0.05405405405405406,0.007911392405063292,0,17.08108108108108,B2
0.1111111111111111,0.0035460992907801418,0,15.666666666666666,B2
0.045454545454545456,0.006535947712418301,0,13.909090909090908,B2
0.0,0.011152416356877323,0,15.823529411764707,B2
0.2222222222222222,0.008915304606240713,0,18.694444444444443,B2
0.17142857142857143,0.009523809523809525,0,21.0,B2
0.05454545454545454,0.014167650531286895,0,15.4,B2
0.15384615384615385,0.00398406374501992,0,19.307692307692307,B2
0.2222222222222222,0.0,0,16.22222222222222,B2
0.2,0.00964630225080386,0,15.55,B2
0.10344827586206896,0.0,0,10.586206896551724,B2
0.0,0.0078125,0,11.636363636363637,B2
0.13333333333333333,0.002797202797202797,0,15.88888888888889,B2
0.0,0.0038910505836575876,0,21.416666666666668,B2
0.0,0.009966777408637873,0,15.05,B2
0.12903225806451613,0.00984251968503937,0,16.387096774193548,B2
0.03389830508474576,0.011441647597254004,0,14.813559322033898,B2
0.18032786885245902,0.0050968399592252805,0,16.081967213114755,B2
0.05,0.0,0,14.15,B2
0.23809523809523808,0.003355704697986577,0,14.19047619047619,B2
0.375,0.0,0,22.125,B2
0.08333333333333333,0.011345218800648298,0,17.13888888888889,B2
0.13043478260869565,0.003076923076923077,0,14.130434782608695,B2
0.2777777777777778,0.003401360544217687,0,16.333333333333332,B2
0.23529411764705882,0.0,0,15.941176470588236,B2
0.05,0.005660377358490566,0,26.5,B2
0.4166666666666667,0.008726003490401396,0,23.875,B2
0.2222222222222222,0.0034129692832764505,0,16.27777777777778,B2
0.13157894736842105,0.015037593984962405,1,24.5,B2
0.0,0.0043859649122807015,0,20.727272727272727,B2
0.1,0.006514657980456026,0,15.35,B2
0.08333333333333333,0.008492569002123142,0,19.625,B2
0.18518518518518517,0.003125,0,11.851851851851851,B2
0.4666666666666667,0.0035714285714285713,0,18.666666666666668,B2
0.045454545454545456,0.024886877828054297,0,20.09090909090909,B2
0.05555555555555555,0.003205128205128205,0,17.333333333333332,B2
0.0,0.012121212121212121,0,6.875,B2
0.14705882352941177,0.012941176470588235,0,25.0,B2
0.2727272727272727,0.006666666666666667,0,13.636363636363637,B2
0.11666666666666667,0.017977528089887642,0,14.833333333333334,B2
0.0,0.0033333333333333335,0,17.647058823529413,B2
0.10416666666666667,0.008908685968819599,0,18.708333333333332,B2
0.23684210526315788,0.006382978723404255,0,24.736842105263158,B2
0.05263157894736842,0.036312849162011177,0,18.842105263157894,B2
0.08771929824561403,0.004314994606256742,0,16.263157894736842,B2
0.045454545454545456,0.012987012987012988,0,14.0,B2
0.2,0.007220216606498195,0,18.466666666666665,B2
0.07142857142857142,0.003076923076923077,0,23.214285714285715,B2
0.22727272727272727,0.008781558726673985,0,20.704545454545453,B2
0.21428571428571427,0.006050129645635264,0,20.660714285714285,B2
0.0,0.01935483870967742,0,15.5,B2
0.0,0.006369426751592357,0,18.470588235294116,B2
0.25,0.006756756756756757,0,14.8,B2
0.12,0.01002004008016032,0,19.96,B2
0.10526315789473684,0.0,0,14.105263157894736,B2
0.10526315789473684,0.0035211267605633804,0,14.947368421052632,B2
0.08695652173913043,0.014141414141414142,0,21.52173913043478,B2
0.04918032786885246,0.008919722497522299,1,16.540983606557376,B2
0.06060606060606061,0.00998003992015968,0,15.181818181818182,B2
0.0,0.02702702702702703,0,11.5625,B2
0.15,0.0,0,16.1,B2
0.10526315789473684,0.0,0,14.473684210526315,B2
0.12121212121212122,0.01440922190201729,0,21.03030303030303,B2
0.15384615384615385,0.00906344410876133,0,25.46153846153846,B2
0.022222222222222223,0.01238390092879257,0,21.533333333333335,B2
0.2631578947368421,0.0,0,17.473684210526315,B2
0.125,0.02975206611570248,0,18.90625,B2
0.2857142857142857,0.0035335689045936395,0,13.476190476190476,B2
0.08333333333333333,0.016722408026755852,0,12.458333333333334,B2
0.1,0.029787234042553193,0,23.5,B2
0.21428571428571427,0.006896551724137931,0,15.535714285714286,B2
0.7142857142857143,0.0034965034965034965,0,20.428571428571427,B2
0.08333333333333333,0.02534562211981567,0,18.083333333333332,B2
0.10526315789473684,0.0,0,15.210526315789474,B2
0.037037037037037035,0.0148975791433892,0,19.88888888888889,B2
0.0625,0.0,0,14.5,B2
0.25,0.003401360544217687,0,10.5,B2
0.0,0.0125,0,20.0,B2
0.20833333333333334,0.011111111111111112,0,18.75,B2
0.1935483870967742,0.01353637901861252,0,19.06451612903226,B2
0.11764705882352941,0.010666666666666666,0,22.058823529411764,B2
0.25806451612903225,0.027777777777777776,0,18.580645161290324,B2
0.20833333333333334,0.0,0,11.666666666666666,B2
0.07692307692307693,0.008438818565400843,0,18.23076923076923,B2
0.06896551724137931,0.009615384615384616,0,14.344827586206897,B2
0.03225806451612903,0.010355029585798817,1,21.806451612903224,B2
0.07692307692307693,0.009708737864077669,0,11.884615384615385,B2
0.05405405405405406,0.006802721088435374,0,19.864864864864863,B2
0.12,0.012682926829268294,0,20.5,B2
0.23809523809523808,0.009966777408637873,0,14.333333333333334,B2
0.20689655172413793,0.0,0,19.862068965517242,B2
0.12903225806451613,0.009836065573770493,0,19.677419354838708,B2
0.07936507936507936,0.010247651579846286,0,18.58730158730159,B2
0.14285714285714285,0.003115264797507788,0,11.464285714285714,B2
0.10526315789473684,0.012953367875647668,0,20.31578947368421,B2
0.25,0.019801980198019802,0,16.833333333333332,B2
0.0,0.00211864406779661,0,23.6,B2
0.2,0.0,0,14.6,B2
0.05263157894736842,0.0,0,13.789473684210526,B2
0.1276595744680851,0.007276507276507277,0,20.46808510638298,B2
0.19047619047619047,0.013605442176870748,0,14.0,B2
0.08888888888888889,0.01611047180667434,0,19.31111111111111,B2
0.20408163265306123,0.008274231678486997,0,17.26530612244898,B2
0.0,0.010446343779677113,1,22.404255319148938,B2
0.11538461538461539,0.016339869281045753,0,11.76923076923077,B2
0.0625,0.017699115044247787,0,21.1875,B2
0.1111111111111111,0.01,0,16.666666666666668,B2
0.05555555555555555,0.006659267480577136,0,25.02777777777778,B2
0.22727272727272727,0.0056753688989784334,0,20.022727272727273,B2
0.17073170731707318,0.008009153318077803,0,21.317073170731707,B2
0.0,0.01,0,22.22222222222222,A2
0.0,0.012269938650306749,0,18.11111111111111,A2
0.0,0.01485148514851485,0,15.538461538461538,A2
0.027777777777777776,0.016666666666666666,0,8.333333333333334,A2
0.0,0.0,0,6.578947368421052,A2
0.03225806451612903,0.01440922190201729,0,11.193548387096774,A2
0.0,0.05952380952380952,0,16.8,A2
0.0,0.03636363636363636,0,9.166666666666666,A2
0.0,0.010638297872340425,0,6.266666666666667,A2
0.2,0.003289473684210526,0,10.133333333333333,A2
0.043478260869565216,0.014336917562724014,0,12.130434782608695,A2
0.0,0.0,0,5.744186046511628,A2
0.0,0.005141388174807198,0,14.961538461538462,A2
0.030303030303030304,0.006309148264984227,0,9.606060606060606,A2
0.09090909090909091,0.002849002849002849,0,15.954545454545455,A2
0.16666666666666666,0.04081632653061224,0,16.333333333333332,A2
0.0,0.003367003367003367,0,14.142857142857142,A2
0.0,0.012698412698412698,0,12.6,A2
0.0,0.013157894736842105,0,5.846153846153846,A2
0.0,0.0032258064516129032,0,12.916666666666666,A2
0.0,0.008771929824561403,0,6.705882352941177,A2
0.038461538461538464,0.00946372239747634,1,12.192307692307692,A2
0.0,0.0,0,6.833333333333333,A2
0.0,0.024793388429752067,0,6.722222222222222,A2
0.03333333333333333,0.012106537530266344,0,13.766666666666667,A2
0.0,0.020618556701030927,0,14.923076923076923,A2
0.24,0.010169491525423728,0,11.8,A2
0.0,0.01904761904761905,0,6.5625,A2
0.0,0.034482758620689655,0,12.88888888888889,A2
0.0,0.017543859649122806,0,6.333333333333333,A2
0.0,0.0,0,5.409090909090909,A2
0.0,0.018691588785046728,0,8.916666666666666,A2
0.047619047619047616,0.008,0,5.9523809523809526,A2
0.21739130434782608,0.005934718100890208,0,14.652173913043478,A2
0.0,0.0,0,7.642857142857143,A2
0.09090909090909091,0.042105263157894736,0,8.636363636363637,A2
0.038461538461538464,0.006666666666666667,0,11.538461538461538,A2
0.0,0.06349206349206349,0,8.4,A2
0.0,0.0392156862745098,0,9.272727272727273,A2
0.0,0.01818181818181818,0,10.0,A2
0.11538461538461539,0.00909090909090909,0,12.692307692307692,A2
0.0,0.03205128205128205,0,14.181818181818182,A2
0.0,0.006430868167202572,0,15.55,A2
0.0,0.0,0,6.928571428571429,A2
0.0,0.011235955056179775,0,8.9,A2
0.045454545454545456,0.008928571428571428,0,15.272727272727273,A2
0.037037037037037035,0.012422360248447204,0,11.925925925925926,A2
0.038461538461538464,0.0028735632183908046,0,13.384615384615385,A2
0.1111111111111111,0.020905923344947737,0,15.944444444444445,A2
0.0,0.0,0,11.222222222222221,A2
0.08333333333333333,0.003367003367003367,0,12.375,A2
0.0,0.0,0,6.2,A2
0.043478260869565216,0.01749271137026239,0,14.91304347826087,A2
0.09090909090909091,0.016181229773462782,0,14.045454545454545,A2
0.04,0.011976047904191617,0,13.36,A2
0.0,0.018867924528301886,0,9.636363636363637,A2
0.0,0.0,0,6.529411764705882,A2
0.0,0.027777777777777776,0,12.0,A2
0.07692307692307693,0.027210884353741496,0,11.307692307692308,A2
0.0,0.009345794392523364,0,7.642857142857143,A2
0.0,0.015037593984962405,0,13.3,A2
0.0,0.0,0,6.15,A2
0.0,0.009523809523809525,0,11.25,A2
0.07692307692307693,0.009404388714733543,0,12.26923076923077,A2
0.0,0.07692307692307693,0,8.357142857142858,A2
0.038461538461538464,0.0031746031746031746,0,12.115384615384615,A2
0.0,0.006172839506172839,0,12.461538461538462,A2
0.0,0.026143790849673203,0,8.052631578947368,A2
0.05263157894736842,0.012539184952978056,0,16.789473684210527,A2
0.2222222222222222,0.04597701149425287,0,9.666666666666666,A2
0.0,0.04395604395604396,0,8.272727272727273,A2
0.0,0.0,0,6.888888888888889,A2
0.0,0.0,0,12.296296296296296,A2
0.21739130434782608,0.006802721088435374,0,12.782608695652174,A2
0.0,0.0,0,14.347826086956522,A2
0.0,0.011764705882352941,0,24.285714285714285,A2
0.0,0.008379888268156424,0,15.565217391304348,A2
0.0,0.003289473684210526,0,12.16,A2
0.1,0.009345794392523364,0,10.7,A2
0.07692307692307693,0.006644518272425249,0,11.576923076923077,A2
0.034482758620689655,0.01384083044982699,0,9.96551724137931,A2
0.08,0.009523809523809525,0,12.6,A2
0.0,0.0,0,6.533333333333333,A2
0.09523809523809523,0.0031545741324921135,0,15.095238095238095,A2
0.0,0.008,0,6.25,A2
0.0,0.03529411764705882,0,6.071428571428571,A2
0.0,0.014925373134328358,0,6.090909090909091,A2
0.041666666666666664,0.005970149253731343,0,13.958333333333334,A2
0.0,0.017094017094017096,0,6.5,A2
0.07692307692307693,0.0058309037900874635,0,13.192307692307692,A2
0.2,0.0,0,19.6,A2
0.0,0.005747126436781609,0,12.428571428571429,A2
0.0,0.009287925696594427,0,10.766666666666667,A2
0.0,0.007712082262210797,0,15.56,A2
0.0,0.01,0,6.25,A2
0.0,0.0,0,8.461538461538462,A2
0.0,0.012658227848101266,0,11.703703703703704,A2
0.0,0.0,0,16.09090909090909,A2
0.0,0.006349206349206349,0,12.6,A2
0.09090909090909091,0.007874015748031496,0,5.7727272727272725,A2
0.0,0.0025974025974025974,0,15.4,A2
0.04,0.013245033112582781,0,12.08,A2
0.04,0.0032679738562091504,0,12.24,A2
0.0,0.005479452054794521,0,11.40625,A2
0.0,0.04044117647058824,0,11.826086956521738,A2
0.0,0.0,0,6.6,A2
0.0,0.0,0,6.3,A2
0.0,0.016233766233766232,0,16.210526315789473,A2
0.0,0.047058823529411764,0,7.7272727272727275,A2
0.125,0.003367003367003367,1,12.375,A2
0.058823529411764705,0.008340283569641367,0,11.754901960784315,A2
0.037037037037037035,0.0121580547112462,0,12.185185185185185,A2
0.0,0.0,0,10.448275862068966,A2
0.027777777777777776,0.00966183574879227,0,11.5,A2
0.09090909090909091,0.016556291390728478,0,13.727272727272727,A2
0.07692307692307693,0.005649717514124294,0,13.615384615384615,A2
0.0,0.00784313725490196,0,9.444444444444445,A2
0.05,0.0,0,6.3,A2
0.04,0.012658227848101266,0,12.64,A2
0.0,0.02702702702702703,0,13.875,A2
0.0,0.02040816326530612,0,11.433333333333334,A2
0.0,0.0,0,5.9375,A2
0.08333333333333333,0.009966777408637873,0,12.541666666666666,A2
0.0,0.0,0,6.833333333333333,A2
0.0,0.0061162079510703364,0,13.08,A2
0.07142857142857142,0.0223463687150838,1,12.785714285714286,A2
0.0,0.01366120218579235,0,13.555555555555555,A2
0.04,0.012121212121212121,0,13.2,A2
0.0,0.030612244897959183,0,7.538461538461538,A2
0.0,0.007692307692307693,0,8.125,A2
0.09090909090909091,0.020080321285140562,0,11.318181818181818,A2
0.14285714285714285,0.020338983050847456,0,14.047619047619047,A2
0.045454545454545456,0.0035842293906810036,0,12.681818181818182,A2
0.043478260869565216,0.006191950464396285,0,14.043478260869565,A2
0.045454545454545456,0.00946372239747634,1,14.409090909090908,A2
0.0,0.008771929824561403,0,16.285714285714285,A2
0.0,0.009584664536741214,0,12.52,A2
0.05,0.012461059190031152,0,16.05,A2
0.0,0.0,0,6.5,A2
0.0,0.0,0,10.2,A2
0.0,0.020202020202020204,0,24.75,A2
0.08333333333333333,0.006535947712418301,0,12.75,A2
0.04,0.022950819672131147,0,12.2,A2
0.0,0.009615384615384616,0,10.4,A2
0.0,0.009615384615384616,0,6.933333333333334,A2
0.09090909090909091,0.014084507042253521,0,6.454545454545454,A2
0.0,0.02359882005899705,0,14.73913043478261,A2
0.07142857142857142,0.01557632398753894,1,11.464285714285714,A2
0.06896551724137931,0.0,0,10.551724137931034,A2
0.0,0.03867403314917127,0,18.1,A2
0.13043478260869565,0.00964630225080386,0,13.521739130434783,A2
0.0,0.010101010101010102,0,7.071428571428571,A2
0.0,0.02564102564102564,0,13.0,A2
0.0,0.020134228187919462,0,16.555555555555557,A2
0.0,0.0,0,6.65,A2
0.0,0.037037037037037035,0,7.2,A2
0.0,0.03,0,10.0,A2
0.10714285714285714,0.038834951456310676,0,11.035714285714286,A2
0.0625,0.009433962264150943,0,6.625,A2
0.04,0.014970059880239521,0,13.36,A2
0.0,0.0,0,9.454545454545455,A2
0.0,0.05154639175257732,0,8.083333333333334,A2
0.0,0.014164305949008499,0,12.172413793103448,A2
0.04,0.008928571428571428,0,13.44,A2
0.0,0.036036036036036036,0,6.166666666666667,A2
0.0,0.019230769230769232,0,17.333333333333332,A2
0.0,0.02654867256637168,0,8.692307692307692,A2
0.0,0.03875968992248062,0,4.607142857142857,A2
0.0,0.02702702702702703,0,15.578947368421053,A2
0.0,0.0,0,8.333333333333334,A2
0.0,0.016233766233766232,0,14.0,A2
0.041666666666666664,0.009771986970684038,0,12.791666666666666,A2
0.0,0.009900990099009901,0,7.769230769230769,A2
0.0,0.0,0,11.80952380952381,A2
0.0,0.009584664536741214,0,12.038461538461538,A2
0.0,0.023529411764705882,0,9.444444444444445,A2
0.0,0.0,0,7.45,A2
0.0,0.022988505747126436,0,7.909090909090909,A2
0.0,0.010033444816053512,0,11.5,A2
0.0,0.015432098765432098,0,15.428571428571429,A2
0.04,0.008955223880597015,0,13.4,A2
0.02857142857142857,0.0058309037900874635,0,9.8,A2
0.13636363636363635,0.006329113924050633,0,14.363636363636363,A2
0.058823529411764705,0.09243697478991597,0,7.0,A2
0.0,0.007936507936507936,0,9.692307692307692,A2
0.0,0.012345679012345678,0,12.96,A2
0.0,0.012195121951219513,0,9.11111111111111,A2
0.0,0.0,0,6.578947368421052,A2
0.034482758620689655,0.009433962264150943,0,10.96551724137931,A2
0.0,0.006896551724137931,0,11.6,A2
0.041666666666666664,0.00909090909090909,0,13.75,A2
0.04,0.018867924528301886,0,12.72,A2
0.06896551724137931,0.012121212121212121,0,11.379310344827585,A2
0.09090909090909091,0.01,0,13.636363636363637,A2
0.0,0.0,0,7.235294117647059,A2
0.0,0.016,0,6.944444444444445,A2
0.0,0.006666666666666667,0,13.636363636363637,A2
0.0,0.021538461538461538,0,15.476190476190476,A2
0.0,0.025,0,8.0,A2
0.04,0.0,0,13.12,A2
0.08,0.012944983818770227,0,12.36,A2
0.03571428571428571,0.03728813559322034,0,10.535714285714286,A2
0.0,0.0425531914893617,0,7.230769230769231,A2
0.0,0.014005602240896359,0,10.818181818181818,A2
0.0,0.03418803418803419,0,11.7,A2
0.08333333333333333,0.00949367088607595,0,13.166666666666666,A2
0.03225806451612903,0.0079155672823219,0,12.225806451612904,A2
0.12,0.00967741935483871,0,12.4,A2
0.041666666666666664,0.011976047904191617,0,13.916666666666666,A2
0.0,0.0,0,13.428571428571429,A2
0.0,0.0,0,15.142857142857142,A2
0.09090909090909091,0.015105740181268883,0,15.045454545454545,A2
0.038461538461538464,0.014619883040935672,0,13.153846153846153,A2
0.034482758620689655,0.006349206349206349,0,10.862068965517242,A2
0.0,0.015432098765432098,0,15.428571428571429,A2
0.0,0.0136986301369863,0,12.695652173913043,A2
0.0,0.006622516556291391,0,13.727272727272727,A2
0.06451612903225806,0.017804154302670624,0,10.870967741935484,A2
0.037037037037037035,0.01597444089456869,0,11.592592592592593,A2
0.08333333333333333,0.014792899408284023,0,14.083333333333334,A2
0.03571428571428571,0.005555555555555556,0,12.857142857142858,A2
0.0,0.009615384615384616,0,7.428571428571429,A2
0.038461538461538464,0.009836065573770493,0,11.73076923076923,A2
0.125,0.0,0,5.75,A2
0.06896551724137931,0.007957559681697613,0,13.0,A2
0.0,0.0,0,11.375,A2
0.0,0.0,0,7.230769230769231,A2
0.0625,0.0,0,6.4375,A2
0.0,0.04310344827586207,0,10.545454545454545,A2
0.0,0.02857142857142857,0,105.0,A2
0.06060606060606061,0.006042296072507553,0,10.030303030303031,A2
0.0,0.003424657534246575,0,12.166666666666666,A2
0.0,0.006006006006006006,0,11.892857142857142,A2
0.038461538461538464,0.0,0,12.423076923076923,A2
0.0,0.03816793893129771,0,7.277777777777778,A2
0.0,0.023255813953488372,0,8.6,A2
0.0,0.01639344262295082,0,6.421052631578948,A2
0.0,0.03686635944700461,0,27.125,A2
0.08333333333333333,0.006535947712418301,0,12.75,A2
0.08,0.0,0,12.2,A2
0.038461538461538464,0.0,0,12.615384615384615,A2
0.034482758620689655,0.00906344410876133,0,11.413793103448276,A2
0.0,0.0,0,6.7368421052631575,A2
0.0,0.0064516129032258064,0,9.6875,A2
0.0,0.015432098765432098,0,10.451612903225806,A2
0.07407407407407407,0.03514376996805112,0,11.592592592592593,A2
0.0,0.015463917525773196,0,12.125,A2
0.0,0.01675977653631285,0,11.933333333333334,A2
0.0,0.0029239766081871343,0,14.25,A2
0.0,0.014285714285714285,0,14.0,A2
0.0,0.009554140127388535,0,13.083333333333334,A2
0.0,0.0,0,11.0,A2
0.0,0.0,0,7.0,A2
0.08,0.006802721088435374,0,11.76,A2
0.0,0.038461538461538464,0,104.0,A2
0.07692307692307693,0.010309278350515464,0,14.923076923076923,A2
0.0,0.005291005291005291,0,10.5,A2
0.0,0.01098901098901099,0,8.272727272727273,A2
0.0,0.0,0,5.0,A2
0.041666666666666664,0.016556291390728478,0,12.583333333333334,A2
0.09523809523809523,0.006153846153846154,0,15.476190476190476,A2
0.07692307692307693,0.012861736334405145,0,11.961538461538462,A2
0.03571428571428571,0.009316770186335404,0,11.5,A2
0.09090909090909091,0.0273224043715847,0,16.636363636363637,A2
0.0,0.0,0,6.625,A2
0.045454545454545456,0.0,0,13.863636363636363,A2
0.0,0.0,0,7.962962962962963,A2
0.0,0.0,0,20.22222222222222,A2
0.0,0.00974025974025974,0,14.0,A2
0.0,0.034653465346534656,0,20.2,A2
0.0,0.0,0,6.0,A2
0.0,0.01444043321299639,0,12.590909090909092,A2
0.12,0.009765625,0,20.48,C1
0.17777777777777778,0.007017543859649123,0,19.0,C1
0.18055555555555555,0.01760821716801174,0,18.930555555555557,C1
0.25,0.009192383453709783,0,25.383333333333333,C1
0.30952380952380953,0.011111111111111112,0,21.428571428571427,C1
0.15384615384615385,0.018556701030927835,0,37.30769230769231,C1
0.03225806451612903,0.011933174224343675,0,27.032258064516128,C1
0.11764705882352941,0.012658227848101266,0,18.58823529411765,C1
0.11764705882352941,0.018995929443690638,0,21.676470588235293,C1
0.3,0.00398406374501992,0,25.1,C1
0.18518518518518517,0.02177293934681182,0,23.814814814814813,C1
0.42857142857142855,0.0,0,15.857142857142858,C1
0.0851063829787234,0.016976556184316895,0,26.319148936170212,C1
0.3888888888888889,0.0031746031746031746,0,17.5,C1
0.14705882352941177,0.01507537688442211,0,17.558823529411764,C1
0.06896551724137931,0.0065252854812398045,0,21.137931034482758,C1
0.06976744186046512,0.003278688524590164,0,21.27906976744186,C1
0.0,0.0,0,14.473684210526315,C1
0.08823529411764706,0.01572052401746725,0,16.83823529411765,C1
0.13043478260869565,0.02040816326530612,0,23.434782608695652,C1
0.14634146341463414,0.01443298969072165,0,23.658536585365855,C1
0.08695652173913043,0.0040858018386108275,0,21.282608695652176,C1
0.375,0.0106951871657754,0,23.375,C1
0.0,0.01078167115902965,0,23.1875,C1
0.05405405405405406,0.005673758865248227,0,19.054054054054053,C1
0.04,0.008316008316008316,0,19.24,C1
0.0,0.02,0,16.666666666666668,C1
0.0,0.010330578512396695,0,23.609756097560975,C1
0.2727272727272727,0.0,0,14.772727272727273,C1
0.47619047619047616,0.012944983818770227,1,29.428571428571427,C1
0.25,0.019784172661870502,0,17.375,C1
0.26666666666666666,0.007009345794392523,0,28.533333333333335,C1
0.07692307692307693,0.01284796573875803,0,17.96153846153846,C1
0.12727272727272726,0.005252100840336135,0,17.30909090909091,C1
0.0,0.02710027100271003,0,19.42105263157895,C1
0.14285714285714285,0.023001095290251915,0,21.738095238095237,C1
0.6,0.015503875968992248,0,25.8,C1
0.061224489795918366,0.007063572149344097,0,20.224489795918366,C1
0.21739130434782608,0.004319654427645789,0,20.130434782608695,C1
0.02127659574468085,0.025477707006369428,0,13.361702127659575,C1
0.17307692307692307,0.010224948875255624,0,18.807692307692307,C1
0.05263157894736842,0.017892644135188866,0,26.473684210526315,C1
0.21052631578947367,0.005194805194805195,0,20.263157894736842,C1
0.11764705882352941,0.009966777408637873,0,17.705882352941178,C1
0.09523809523809523,0.013888888888888888,0,20.571428571428573,C1
0.03333333333333333,0.006600660066006601,0,20.2,C1
0.11627906976744186,0.01383399209486166,0,23.53488372093023,C1
0.28,0.005333333333333333,0,30.0,C1
0.7692307692307693,0.0,0,23.46153846153846,C1
0.10344827586206896,0.0034129692832764505,0,20.20689655172414,C1
0.1111111111111111,0.017287234042553192,0,20.88888888888889,C1
0.15789473684210525,0.0,0,14.842105263157896,C1
0.15789473684210525,0.005025125628140704,0,20.94736842105263,C1
0.11764705882352941,0.025183630640083946,0,18.686274509803923,C1
0.17543859649122806,0.003284072249589491,0,10.68421052631579,C1
0.06666666666666667,0.01088139281828074,0,20.42222222222222,C1
0.10810810810810811,0.003169572107765452,0,17.054054054054053,C1
0.125,0.0,0,20.166666666666668,C1
0.07692307692307693,0.005791505791505791,0,19.923076923076923,C1
0.13636363636363635,0.0,0,13.090909090909092,C1
0.06896551724137931,0.012145748987854251,0,17.03448275862069,C1
0.19444444444444445,0.02142857142857143,0,27.22222222222222,C1
0.18421052631578946,0.004076086956521739,0,19.36842105263158,C1
0.2619047619047619,0.013033175355450236,0,20.095238095238095,C1
0.15384615384615385,0.016756433273488927,0,21.423076923076923,C1
0.15625,0.01978891820580475,0,23.6875,C1
0.07142857142857142,0.00390625,0,18.285714285714285,C1
0.14285714285714285,0.014311270125223614,0,15.971428571428572,C1
0.12903225806451613,0.0038314176245210726,0,16.838709677419356,C1
0.05263157894736842,0.001524390243902439,0,17.263157894736842,C1
0.1,0.005970149253731343,0,22.333333333333332,C1
0.06060606060606061,0.0041265474552957355,0,22.03030303030303,C1
0.21568627450980393,0.004920049200492005,0,15.941176470588236,C1
0.2037037037037037,0.013171225937183385,0,18.27777777777778,C1
0.04878048780487805,0.009478672985781991,0,20.585365853658537,C1
0.5,0.0,0,21.375,C1
0.1875,0.0,0,19.25,C1
0.125,0.013513513513513514,0,27.75,C1
0.0,0.010050251256281407,0,33.166666666666664,C1
0.06382978723404255,0.011450381679389313,0,22.29787234042553,C1
0.04938271604938271,0.005128205128205128,0,16.85185185185185,C1
0.13445378151260504,0.007713884992987377,0,11.983193277310924,C1
0.16,0.0023446658851113715,0,17.06,C1
0.225,0.012578616352201259,0,19.875,C1
0.0967741935483871,0.00825082508250825,0,19.548387096774192,C1
0.2,0.008743169398907104,0,20.333333333333332,C1
0.06521739130434782,0.004889975550122249,0,17.782608695652176,C1
0.0851063829787234,0.006289308176100629,0,20.29787234042553,C1
0.23684210526315788,0.002617801047120419,0,20.105263157894736,C1
0.10416666666666667,0.01529051987767584,0,20.4375,C1
0.05128205128205128,0.009536784741144414,0,18.82051282051282,C1
0.0,0.009884678747940691,0,22.48148148148148,C1
0.2,0.00949367088607595,0,21.066666666666666,C1
0.0,0.0051813471502590676,0,23.16,C1
0.23529411764705882,0.0170261066969353,0,25.91176470588235,C1
0.06451612903225806,0.006198347107438017,0,15.612903225806452,C1
0.12903225806451613,0.008620689655172414,0,22.451612903225808,C1
0.07894736842105263,0.023622047244094488,0,13.368421052631579,C1
0.03333333333333333,0.03597122302158273,0,13.9,C1
0.12903225806451613,0.009067357512953367,0,24.903225806451612,C1
0.15384615384615385,0.008274231678486997,0,21.692307692307693,C1
0.15151515151515152,0.01192504258943782,0,17.78787878787879,C1
0.075,0.015337423312883436,0,16.3,C1
0.0,0.0026666666666666666,0,26.785714285714285,C1
0.045454545454545456,0.0021008403361344537,0,21.636363636363637,C1
0.18421052631578946,0.01098901098901099,0,23.94736842105263,C1
0.10526315789473684,0.015151515151515152,0,20.842105263157894,C1
0.07692307692307693,0.0029585798816568047,0,26.0,C1
0.1388888888888889,0.006279434850863423,0,17.694444444444443,C1
0.038461538461538464,0.004665629860031105,0,24.73076923076923,C1
0.24242424242424243,0.02142857142857143,0,25.454545454545453,C1
0.16666666666666666,0.010080645161290322,0,20.666666666666668,C1
0.025,0.012084592145015106,0,16.55,C1
0.125,0.0030120481927710845,0,13.833333333333334,C1
0.10810810810810811,0.016826923076923076,0,16.864864864864863,C1
0.1111111111111111,0.007889546351084813,0,18.77777777777778,C1
0.0625,0.008875739644970414,0,21.125,C1
0.05555555555555555,0.0,0,16.0,C1
0.10526315789473684,0.018433179723502304,0,22.842105263157894,C1
0.21951219512195122,0.009221311475409836,0,23.804878048780488,C1
0.07692307692307693,0.018763796909492272,0,23.23076923076923,C1
0.05263157894736842,0.006329113924050633,0,20.789473684210527,C1
0.171875,0.0009398496240601503,0,16.625,C1
0.3888888888888889,0.003367003367003367,0,16.5,C1
0.0625,0.014285714285714285,0,17.5,C1
0.2,0.007900677200902935,0,22.15,C1
0.45,0.002304147465437788,0,21.7,C1
0.1111111111111111,0.014678899082568808,0,20.185185185185187,C1
0.23076923076923078,0.0034602076124567475,0,22.23076923076923,C1
0.07407407407407407,0.035,0,14.814814814814815,C1
0.3076923076923077,0.007692307692307693,0,20.0,C1
0.09523809523809523,0.0031746031746031746,0,15.0,C1
0.11538461538461539,0.005958291956305859,0,19.365384615384617,C1
0.2857142857142857,0.02054794520547945,0,27.80952380952381,C1
0.4,0.015759312320916905,0,23.266666666666666,C1
0.1111111111111111,0.01055662188099808,0,23.155555555555555,C1
0.25,0.014891179839633447,0,21.825,C1
0.17647058823529413,0.0,0,17.647058823529413,C1
0.0625,0.02877697841726619,0,17.375,C1
0.20689655172413793,0.018907563025210083,0,32.827586206896555,C1
0.4666666666666667,0.012145748987854251,0,16.466666666666665,C1
0.28,0.015748031496062992,0,22.86,C1
0.2222222222222222,0.011221945137157107,0,29.703703703703702,C1
0.2222222222222222,0.021573604060913704,0,21.88888888888889,C1
0.16,0.00792393026941363,0,25.24,C1
0.125,0.011641443538998836,0,21.475,C1
0.3225806451612903,0.02092050209205021,0,23.129032258064516,C1
0.025,0.005763688760806916,0,17.35,C1
0.14285714285714285,0.003875968992248062,0,36.857142857142854,C1
0.17391304347826086,0.019313304721030045,0,20.26086956521739,C1
0.14285714285714285,0.002369668246445498,0,15.071428571428571,C1
0.1774193548387097,0.009699321047526674,0,16.629032258064516,C1
0.15789473684210525,0.015856236786469344,0,24.894736842105264,C1
0.16923076923076924,0.012987012987012988,0,20.138461538461538,C1
0.16216216216216217,0.009400705052878966,0,23.0,C1
0.0,0.0029239766081871343,0,22.8,C1
0.0,0.032679738562091505,0,19.125,C1
0.21875,0.005128205128205128,0,24.375,C1
0.25925925925925924,0.0,0,21.11111111111111,C1
0.041666666666666664,0.019736842105263157,0,19.0,C1
0.15,0.010139416983523447,0,19.725,C1
0.125,0.020202020202020204,0,24.75,C1
0.07692307692307693,0.01233616037008481,0,19.953846153846154,C1
0.12195121951219512,0.004722550177095631,0,20.658536585365855,C1
0.11764705882352941,0.014945652173913044,0,21.647058823529413,C1
0.1,0.012658227848101266,0,15.8,C1
0.041666666666666664,0.011527377521613832,0,21.6875,C1
0.1875,0.0,0,17.0,C1
0.23076923076923078,0.0,0,18.76923076923077,C1
0.0967741935483871,0.015209125475285171,0,16.967741935483872,C1
0.06,0.0175609756097561,0,20.5,C1
0.16,0.013937282229965157,0,22.96,C1
0.23255813953488372,0.015306122448979591,0,18.232558139534884,C1
0.11538461538461539,0.006012024048096192,0,19.192307692307693,C1
0.08,0.017142857142857144,0,21.0,C1
0.5238095238095238,0.02406015037593985,0,31.666666666666668,C1
0.0975609756097561,0.025477707006369428,0,19.146341463414632,C1
0.25,0.0070126227208976155,0,25.464285714285715,C1
0.1951219512195122,0.024312896405919663,0,23.073170731707318,C1
0.10526315789473684,0.0,0,16.36842105263158,C1
0.27586206896551724,0.007782101167315175,0,26.586206896551722,C1
0.08333333333333333,0.0021119324181626186,0,19.729166666666668,C1
0.10256410256410256,0.007113821138211382,0,25.23076923076923,C1
0.0,0.01098901098901099,0,21.0,C1
0.16279069767441862,0.005917159763313609,0,23.58139534883721,C1
0.1875,0.006600660066006601,0,9.46875,C1
0.05,0.008602150537634409,0,23.25,C1
0.11363636363636363,0.006230529595015576,0,21.886363636363637,C1
0.0,0.014240506329113924,0,24.307692307692307,C1
0.09803921568627451,0.011467889908256881,0,17.098039215686274,C1
0.25,0.013888888888888888,0,21.6,C1
0.09090909090909091,0.009404388714733543,0,21.75,C1
0.11320754716981132,0.006593406593406593,0,17.169811320754718,C1
0.1016949152542373,0.012195121951219513,0,20.847457627118644,C1
0.057692307692307696,0.015167930660888408,0,17.75,C1
0.057971014492753624,0.012337662337662338,0,22.318840579710145,C1
0.5714285714285714,0.006968641114982578,0,20.5,C1
0.1111111111111111,0.019762845849802372,0,21.083333333333332,C1
0.1388888888888889,0.01015228426395939,0,21.88888888888889,C1
0.13157894736842105,0.004261363636363636,0,18.526315789473685,C1
0.0,0.006666666666666667,0,25.0,C1
0.13725490196078433,0.009424083769633508,0,18.725490196078432,C1
0.14285714285714285,0.002012072434607646,0,23.666666666666668,C1
0.26666666666666666,0.011299435028248588,0,11.8,C1
0.14285714285714285,0.011675824175824176,0,18.90909090909091,C1
0.10526315789473684,0.0,0,16.842105263157894,C1
0.11764705882352941,0.030927835051546393,0,22.823529411764707,C1
0.21428571428571427,0.007142857142857143,0,20.0,C1
0.18181818181818182,0.007614213197969543,0,23.87878787878788,C1
0.05263157894736842,0.003401360544217687,0,15.473684210526315,C1
0.08695652173913043,0.008528784648187633,0,20.391304347826086,C1
0.1206896551724138,0.021806853582554516,1,22.137931034482758,C1
0.06060606060606061,0.0016129032258064516,0,18.78787878787879,C1
0.09615384615384616,0.006418485237483954,0,14.98076923076923,C1
0.03225806451612903,0.020224719101123594,0,14.35483870967742,C1
0.046511627906976744,0.01020408163265306,0,18.232558139534884,C1
0.10416666666666667,0.0074211502782931356,0,11.229166666666666,C1
0.20689655172413793,0.015247776365946633,0,27.137931034482758,C1
0.0,0.012903225806451613,0,14.761904761904763,C1
0.0,0.0,0,20.90909090909091,C1
0.16666666666666666,0.025,0,21.333333333333332,C1
0.15789473684210525,0.023448275862068966,0,19.07894736842105,C1
0.12727272727272726,0.017112299465240642,0,17.0,C1
0.043478260869565216,0.012759170653907496,0,27.26086956521739,C1
0.2413793103448276,0.007173601147776184,0,24.03448275862069,C1
0.14285714285714285,0.005763688760806916,0,24.785714285714285,C1
0.2727272727272727,0.023076923076923078,0,11.818181818181818,C1
0.12,0.002364066193853428,0,16.92,C1
0.12,0.013812154696132596,0,28.96,C1
0.06818181818181818,0.016666666666666666,0,21.818181818181817,C1
0.16129032258064516,0.016713091922005572,0,23.161290322580644,C1
0.19230769230769232,0.015406162464985995,0,27.46153846153846,C1
0.15384615384615385,0.014627659574468085,0,19.28205128205128,C1
0.1,0.03303303303303303,0,33.3,C1
0.24444444444444444,0.007658643326039387,0,20.31111111111111,C1
0.1956521739130435,0.013348164627363738,0,19.543478260869566,C1
0.09090909090909091,0.011570247933884297,0,27.5,C1
0.07407407407407407,0.00872093023255814,0,25.48148148148148,C1
0.13333333333333333,0.006896551724137931,0,19.333333333333332,C1
0.27586206896551724,0.009009009009009009,0,19.137931034482758,C1
0.16666666666666666,0.0,0,18.916666666666668,C1
0.0,0.034334763948497854,0,8.62962962962963,B1
0.0,0.016556291390728478,0,16.77777777777778,B1
0.21428571428571427,0.003289473684210526,0,10.857142857142858,B1
0.05263157894736842,0.014388489208633094,0,14.631578947368421,B1
0.0,0.0371900826446281,0,17.285714285714285,B1
0.17647058823529413,0.010033444816053512,0,17.58823529411765,B1
0.1,0.007575757575757576,0,13.2,B1
0.15384615384615385,0.026595744680851064,0,14.461538461538462,B1
0.1568627450980392,0.007886435331230283,0,12.431372549019608,B1
0.05263157894736842,0.015706806282722512,0,20.105263157894736,B1
0.047619047619047616,0.0033222591362126247,0,14.333333333333334,B1
0.07777777777777778,0.0164638511095204,0,15.522222222222222,B1
0.05263157894736842,0.006779661016949152,0,15.526315789473685,B1
0.025,0.007451564828614009,0,16.775,B1
0.1111111111111111,0.010452961672473868,0,10.62962962962963,B1
0.05,0.0,0,14.55,B1
0.0,0.034403669724770644,0,18.956521739130434,B1
0.11494252873563218,0.007482993197278911,0,16.896551724137932,B1
0.045454545454545456,0.005509641873278237,0,16.5,B1
0.0,0.0,0,6.352941176470588,B1
0.0,0.016181229773462782,0,14.714285714285714,B1
0.0,0.03347280334728033,0,19.916666666666668,B1
0.06097560975609756,0.009174311926605505,0,15.951219512195122,B1
0.0,0.007594936708860759,0,20.789473684210527,B1
0.2,0.012422360248447204,0,10.733333333333333,B1
0.08695652173913043,0.003663003663003663,0,11.869565217391305,B1
0.17391304347826086,0.00625,0,13.91304347826087,B1
0.10526315789473684,0.019169329073482427,0,16.473684210526315,B1
0.10576923076923077,0.009791921664626682,0,15.711538461538462,B1
0.04,0.0,0,5.12,B1
0.5,0.03474903474903475,0,18.5,B1
0.1,0.0,0,20.2,B1
0.0,0.006578947368421052,0,13.217391304347826,B1
0.07766990291262135,0.020365168539325844,1,13.825242718446601,B1
0.1,0.009776536312849162,0,14.32,B1
0.043478260869565216,0.014245014245014245,0,15.26086956521739,B1
0.0,0.029411764705882353,0,17.0,B1
0.08,0.0064516129032258064,0,12.4,B1
0.0625,0.005291005291005291,0,11.8125,B1
0.07692307692307693,0.004580152671755725,0,16.794871794871796,B1
0.037037037037037035,0.01580135440180587,0,16.40740740740741,B1
0.043478260869565216,0.0,0,13.869565217391305,B1
0.3125,0.006734006734006734,0,18.5625,B1
0.12,0.0031746031746031746,0,12.6,B1
0.045454545454545456,0.0048543689320388345,0,18.727272727272727,B1
0.16666666666666666,0.0,0,16.444444444444443,B1
0.09090909090909091,0.005714285714285714,0,15.909090909090908,B1
0.06818181818181818,0.006060606060606061,1,18.75,B1
0.0625,0.0046439628482972135,0,13.458333333333334,B1
0.0,0.016286644951140065,0,11.807692307692308,B1
0.1,0.009821428571428571,1,14.0,B1
0.05263157894736842,0.01020408163265306,0,15.473684210526315,B1
0.058823529411764705,0.059800664451827246,0,17.705882352941178,B1
0.03076923076923077,0.013852813852813853,0,17.76923076923077,B1
0.14285714285714285,0.004454342984409799,0,16.035714285714285,B1
0.13636363636363635,0.006514657980456026,0,13.954545454545455,B1
0.13636363636363635,0.00591016548463357,0,19.227272727272727,B1
0.13043478260869565,0.003246753246753247,0,13.391304347826088,B1
0.23809523809523808,0.016483516483516484,0,17.333333333333332,B1
0.045454545454545456,0.003194888178913738,0,14.227272727272727,B1
0.047619047619047616,0.011299435028248588,0,19.666666666666668,B1
0.08,0.013289036544850499,0,12.04,B1
0.2222222222222222,0.005698005698005698,0,19.5,B1
0.21739130434782608,0.02147239263803681,0,14.173913043478262,B1
0.22727272727272727,0.006097560975609756,0,14.909090909090908,B1
0.013513513513513514,0.006076388888888889,0,15.567567567567568,B1
0.4,0.034482758620689655,0,23.2,B1
0.4166666666666667,0.012861736334405145,0,25.916666666666668,B1
0.2631578947368421,0.009404388714733543,1,16.789473684210527,B1
0.13636363636363635,0.0034965034965034965,0,13.0,B1
0.07692307692307693,0.013937282229965157,0,11.038461538461538,B1
0.0,0.009153318077803204,0,19.863636363636363,B1
0.2777777777777778,0.016181229773462782,0,17.166666666666668,B1
0.14285714285714285,0.015037593984962405,0,19.0,B1
0.19047619047619047,0.0,0,15.19047619047619,B1
0.0,0.01607717041800643,0,15.55,B1
0.15,0.005649717514124294,0,17.7,B1
0.05,0.02572347266881029,0,15.55,B1
0.041666666666666664,0.007894736842105263,0,15.833333333333334,B1
0.15,0.010033444816053512,0,14.95,B1
0.041666666666666664,0.010309278350515464,0,16.166666666666668,B1
0.0625,0.006666666666666667,0,9.375,B1
0.04950495049504951,0.013592233009708738,0,10.198019801980198,B1
0.11764705882352941,0.014326647564469915,0,20.529411764705884,B1
0.08695652173913043,0.010752688172043012,0,12.130434782608695,B1
0.045454545454545456,0.008119079837618403,0,16.795454545454547,B1
0.03333333333333333,0.008556149732620321,0,15.583333333333334,B1
0.16666666666666666,0.016556291390728478,0,16.77777777777778,B1
0.0,0.03225806451612903,0,25.833333333333332,B1
0.0,0.0,0,14.5,B1
0.10526315789473684,0.0033112582781456954,0,15.894736842105264,B1
0.03333333333333333,0.007590132827324478,0,17.566666666666666,B1
0.10526315789473684,0.0,0,15.263157894736842,B1
0.05263157894736842,0.0,0,13.736842105263158,B1
0.0,0.0,0,12.68421052631579,B1
0.0,0.0,0,6.142857142857143,B1
0.0,0.02922077922077922,0,15.4,B1
0.07692307692307693,0.008152173913043478,0,28.307692307692307,B1
0.4,0.007692307692307693,0,13.0,B1
0.22727272727272727,0.016611295681063124,0,13.681818181818182,B1
0.2727272727272727,0.05,0,12.727272727272727,B1
0.0,0.05157593123209169,0,18.36842105263158,B1
0.11764705882352941,0.009345794392523364,0,9.441176470588236,B1
0.07692307692307693,0.0,0,15.538461538461538,B1
0.041666666666666664,0.002890173410404624,0,14.416666666666666,B1
0.0,0.0030211480362537764,0,12.73076923076923,B1
0.045454545454545456,0.010067114093959731,0,13.545454545454545,B1
0.041666666666666664,0.011688311688311689,0,16.041666666666668,B1
0.06976744186046512,0.012139605462822459,0,15.325581395348838,B1
0.0,0.0,0,14.590909090909092,B1
0.0,0.007067137809187279,0,18.866666666666667,B1
0.15,0.02040816326530612,0,14.7,B1
0.0,0.0,0,8.076923076923077,B1
0.17647058823529413,0.034013605442176874,0,17.294117647058822,B1
0.047619047619047616,0.010676156583629894,1,13.380952380952381,B1
0.21052631578947367,0.0,0,16.736842105263158,B1
0.041666666666666664,0.030201342281879196,0,12.416666666666666,B1
0.11764705882352941,0.006661732050333087,0,15.894117647058824,B1
0.09523809523809523,0.012944983818770227,0,14.714285714285714,B1
0.043478260869565216,0.012012012012012012,0,14.478260869565217,B1
0.0,0.018617021276595744,0,26.857142857142858,B1
0.0,0.006060606060606061,0,11.0,B1
0.029411764705882353,0.0034662045060658577,0,16.970588235294116,B1
0.21739130434782608,0.012698412698412698,0,13.695652173913043,B1
0.05555555555555555,0.019417475728155338,0,17.166666666666668,B1
0.0,0.02127659574468085,1,13.708333333333334,B1
0.09090909090909091,0.00684931506849315,0,13.272727272727273,B1
0.10526315789473684,0.0033112582781456954,0,15.894736842105264,B1
0.041666666666666664,0.0,0,13.583333333333334,B1
0.09523809523809523,0.015772870662460567,0,15.095238095238095,B1
0.0,0.0,0,5.526315789473684,B1
0.375,0.0033112582781456954,0,12.583333333333334,B1
0.09333333333333334,0.015050167224080268,0,15.946666666666667,B1
0.05263157894736842,0.023809523809523808,0,15.473684210526315,B1
0.027777777777777776,0.021103896103896104,0,17.11111111111111,B1
0.1,0.005952380952380952,0,16.8,B1
0.0,0.0,0,6.176470588235294,B1
0.05714285714285714,0.0026109660574412533,0,21.885714285714286,B1
0.043478260869565216,0.006600660066006601,0,13.173913043478262,B1
0.21052631578947367,0.03194888178913738,0,16.473684210526315,B1
0.10256410256410256,0.019548872180451128,0,17.05128205128205,B1
0.045454545454545456,0.005037783375314861,0,18.045454545454547,B1
0.07142857142857142,0.0070921985815602835,0,15.107142857142858,B1
0.0,0.0,0,6.666666666666667,B1
0.08695652173913043,0.017964071856287425,0,14.521739130434783,B1
0.11538461538461539,0.009868421052631578,0,11.692307692307692,B1
0.0,0.038461538461538464,0,12.518518518518519,B1
0.0625,0.006600660066006601,0,18.9375,B1
0.0,0.008875739644970414,0,18.77777777777778,B1
0.18518518518518517,0.016339869281045753,0,11.333333333333334,B1
0.03278688524590164,0.006389776357827476,0,15.39344262295082,B1
0.0,0.010526315789473684,0,17.272727272727273,B1
0.10526315789473684,0.013888888888888888,0,15.157894736842104,B1
0.16666666666666666,0.02108433734939759,0,13.833333333333334,B1
0.0,0.010452961672473868,0,14.35,B1
0.2,0.0,0,10.633333333333333,B1
0.17391304347826086,0.019011406844106463,0,11.434782608695652,B1
0.0,0.015267175572519083,0,5.695652173913044,B1
0.23529411764705882,0.006802721088435374,0,17.294117647058822,B1
0.23529411764705882,0.0,0,17.235294117647058,B1
0.1875,0.003278688524590164,0,19.0625,B1
0.06153846153846154,0.010245901639344262,0,15.015384615384615,B1
0.1935483870967742,0.0069084628670120895,0,18.677419354838708,B1
0.125,0.0034129692832764505,0,12.208333333333334,B1
0.05,0.0,0,14.8,B1
0.1111111111111111,0.009836065573770493,0,11.296296296296296,B1
0.09090909090909091,0.0032258064516129032,0,14.090909090909092,B1
0.0,0.012,0,20.0,B1
0.07,0.006232686980609419,0,14.44,B1
0.10526315789473684,0.003289473684210526,0,16.0,B1
0.10526315789473684,0.01607717041800643,0,16.36842105263158,B1
0.047619047619047616,0.010380622837370242,0,13.761904761904763,B1
0.08695652173913043,0.019169329073482427,0,13.608695652173912,B1
0.08333333333333333,0.006825938566552901,0,12.208333333333334,B1
0.047619047619047616,0.026755852842809364,0,14.238095238095237,B1
0.16176470588235295,0.012773722627737226,0,16.11764705882353,B1
0.0,0.0125,0,8.88888888888889,B1
0.0,0.015503875968992248,0,32.25,B1
0.08,0.0027624309392265192,0,14.48,B1
0.25,0.00906344410876133,0,11.821428571428571,B1
0.02857142857142857,0.0,0,10.82857142857143,B1
0.16,0.007211538461538462,0,16.64,B1
0.0,0.005917159763313609,0,15.363636363636363,B1
0.07142857142857142,0.016286644951140065,0,21.928571428571427,B1
0.14285714285714285,0.005988023952095809,0,15.904761904761905,B1
0.025,0.006230529595015576,0,8.025,B1
0.23076923076923078,0.007662835249042145,0,20.076923076923077,B1
0.047619047619047616,0.0,0,16.571428571428573,B1
0.06666666666666667,0.011278195488721804,0,17.733333333333334,B1
0.0,0.005405405405405406,0,20.555555555555557,B1
0.06666666666666667,0.017543859649122806,0,20.9,B1
0.047619047619047616,0.006872852233676976,0,13.857142857142858,B1
0.0,0.0,0,8.285714285714286,B1
0.12,0.0,0,14.24,B1
0.0,0.0,0,5.434782608695652,B1
0.17391304347826086,0.0,0,13.217391304347826,B1
0.05,0.016822429906542057,0,13.375,B1
0.2631578947368421,0.011406844106463879,0,13.842105263157896,B1
0.15789473684210525,0.03194888178913738,0,16.473684210526315,B1
0.08333333333333333,0.006734006734006734,0,12.375,B1
0.2777777777777778,0.0,0,17.055555555555557,B1
0.3333333333333333,0.017241379310344827,0,25.77777777777778,B1
0.0,0.0031446540880503146,0,22.714285714285715,B1
0.06896551724137931,0.025889967637540454,0,10.655172413793103,B1
0.0,0.019543973941368076,0,14.619047619047619,B1
0.0,0.0,0,11.25,A1
0.0,0.008130081300813009,0,5.125,A1
0.0,0.04081632653061224,0,8.166666666666666,A1
0.0,0.0,0,5.647058823529412,A1
0.0,0.024193548387096774,0,7.75,A1
0.0,0.0,0,7.083333333333333,A1
0.0,0.02830188679245283,0,9.636363636363637,A1
0.0,0.017094017094017096,0,7.3125,A1
0.0,0.023809523809523808,0,7.0,A1
0.0,0.0,0,11.3,A1
0.0,0.01834862385321101,0,7.785714285714286,A1
0.0,0.02127659574468085,0,9.4,A1
0.0,0.048,0,6.578947368421052,A1
0.0,0.096,0,6.944444444444445,A1
0.0,0.015503875968992248,0,8.0625,A1
0.0,0.016260162601626018,0,6.15,A1
0.0,0.03571428571428571,1,7.0,A1
0.0,0.0,0,7.75,A1
0.0,0.04065040650406504,0,7.6875,A1
0.0,0.0,0,6.625,A1
0.0,0.09302325581395349,0,7.166666666666667,A1
0.0,0.06956521739130435,0,7.1875,A1
0.0,0.0,0,5.260869565217392,A1
0.0,0.031746031746031744,0,7.875,A1
0.0,0.0,0,7.55,A1
0.05555555555555555,0.0,0,6.722222222222222,A1
0.0,0.0,0,6.571428571428571,A1
0.0,0.0,0,5.125,A1
0.0,0.0,0,6.5,A1
0.058823529411764705,0.01818181818181818,0,6.470588235294118,A1
0.05,0.0,0,6.3,A1
0.0,0.02127659574468085,0,4.7,A1
0.0,0.0,0,4.888888888888889,A1
0.0,0.0,0,6.0476190476190474,A1
0.045454545454545456,0.007633587786259542,0,5.954545454545454,A1
0.07142857142857142,0.018404907975460124,0,11.642857142857142,A1
0.0,0.0,0,8.583333333333334,A1
0.25,0.013888888888888888,0,18.0,A1
0.05555555555555555,0.017391304347826087,0,6.388888888888889,A1
0.0,0.0,0,7.0625,A1
0.0,0.05357142857142857,0,6.222222222222222,A1
0.0,0.023809523809523808,0,3.8181818181818183,A1
0.0,0.0,0,9.777777777777779,A1
0.0,0.0,0,7.75,A1
0.0,0.0,0,7.928571428571429,A1
0.0,0.0196078431372549,0,7.285714285714286,A1
0.0,0.01834862385321101,0,7.785714285714286,A1
0.0,0.0,0,5.0,A1
0.0,0.046153846153846156,0,7.222222222222222,A1
0.0,0.02,0,8.333333333333334,A1
0.0,0.0,0,5.851851851851852,A1
0.0,0.0,0,5.666666666666667,A1
0.0,0.010638297872340425,0,9.4,A1
0.0,0.0,0,5.75,A1
0.0,0.08490566037735849,0,8.153846153846153,A1
0.0,0.007936507936507936,0,6.3,A1
0.0,0.0,0,7.117647058823529,A1
0.0,0.043478260869565216,0,15.333333333333334,A1
0.0,0.015267175572519083,0,14.555555555555555,A1
0.0,0.043478260869565216,0,6.388888888888889,A1
0.0,0.0064516129032258064,0,17.22222222222222,A1
0.0,0.010638297872340425,0,8.545454545454545,A1
0.0,0.023809523809523808,0,5.7272727272727275,A1
0.0,0.024793388429752067,0,5.5,A1
0.0,0.0,0,5.833333333333333,A1
0.0,0.02654867256637168,0,10.272727272727273,A1
0.047619047619047616,0.0,0,6.0476190476190474,A1
0.0,0.03125,0,9.6,A1
0.0,0.009009009009009009,0,5.842105263157895,A1
0.0,0.1,0,8.333333333333334,A1
0.0,0.04424778761061947,0,12.555555555555555,A1
0.0,0.057692307692307696,0,5.777777777777778,A1
0.0,0.011627906976744186,0,7.818181818181818,A1
0.0,0.037037037037037035,0,6.0,A1
0.0,0.020833333333333332,0,4.8,A1
0.0,0.0,0,5.333333333333333,A1
0.0,0.0,0,9.615384615384615,A1
0.0,0.0,0,7.222222222222222,A1
0.0,0.022222222222222223,0,11.25,A1
0.0,0.021739130434782608,0,5.75,A1
0.0,0.01694915254237288,0,4.916666666666667,A1
0.0,0.017094017094017096,0,8.357142857142858,A1
0.0,0.0,0,7.0,A1
0.0,0.04,0,6.25,A1
0.0,0.0,0,3.4545454545454546,A1
0.0,0.007633587786259542,0,6.894736842105263,A1
0.0,0.0,0,6.571428571428571,A1
0.0,0.059322033898305086,0,6.9411764705882355,A1
0.0,0.0,0,15.8,A1
0.0,0.0,0,7.0625,A1
0.0,0.029411764705882353,0,9.272727272727273,A1
0.0,0.009523809523809525,0,6.176470588235294,A1
0.0,0.015503875968992248,0,5.863636363636363,A1
0.0,0.06722689075630252,0,5.409090909090909,A1
0.0,0.0,0,8.454545454545455,A1
0.0,0.0,0,6.578947368421052,A1
0.0,0.024390243902439025,0,11.714285714285714,A1
0.0,0.0,0,5.578947368421052,A1
0.0,0.021739130434782608,0,7.666666666666667,A1
0.0,0.0,0,4.75,A1
0.0,0.0,0,7.666666666666667,A1
0.0,0.04,0,6.25,A1
0.0,0.0703125,0,8.533333333333333,A1
0.0,0.016260162601626018,0,5.857142857142857,A1
0.0,0.042735042735042736,0,8.357142857142858,A1
0.0,0.0,0,7.066666666666666,A1
0.0,0.012987012987012988,0,7.7,A1
0.0,0.057692307692307696,0,7.428571428571429,A1
0.0,0.01652892561983471,0,6.722222222222222,A1
0.0,0.0,0,43.0,A1
0.0,0.024390243902439025,0,4.1,A1
0.0,0.0,0,5.777777777777778,A1
0.0,0.010416666666666666,0,6.0,A1
0.25,0.013157894736842105,0,19.0,A1
0.0,0.0380952380952381,0,6.176470588235294,A1
0.0,0.05405405405405406,0,4.111111111111111,A1
0.0,0.0,0,7.3125,A1
0.0,0.0196078431372549,0,3.923076923076923,A1
0.0,0.02857142857142857,0,9.545454545454545,A1
0.125,0.0,0,6.875,A1
0.0,0.0,0,6.190476190476191,A1
0.0,0.0,0,7.055555555555555,A1
0.0,0.007692307692307693,0,9.285714285714286,A1
0.0,0.0,0,9.533333333333333,A1
0.0,0.0,0,6.714285714285714,A1
0.0,0.017699115044247787,0,6.277777777777778,A1
0.0,0.014925373134328358,0,8.933333333333334,A1
0.0,0.038461538461538464,0,6.117647058823529,A1
0.0,0.01652892561983471,0,4.84,A1
0.0,0.008695652173913044,0,7.666666666666667,A1
0.0,0.007575757575757576,0,8.25,A1
0.08333333333333333,0.0,0,4.083333333333333,A1
0.07692307692307693,0.05825242718446602,0,7.923076923076923,A1
0.0,0.0,0,3.857142857142857,A1
0.0,0.0,0,4.76,A1
0.0,0.037037037037037035,0,11.571428571428571,A1
0.0,0.0,0,6.25,A1
0.06666666666666667,0.0,0,5.6,A1
0.0,0.008403361344537815,0,9.916666666666666,A1
0.0,0.1,0,4.545454545454546,A1
0.0,0.0,0,7.071428571428571,A1
0.0,0.0,0,4.85,A1
0.0,0.0,0,6.190476190476191,A1
0.0,0.0,0,6.285714285714286,A1
0.0,0.027777777777777776,0,7.2,A1
0.0,0.0,0,6.15,A1
0.0,0.03278688524590164,0,5.545454545454546,A1
0.0,0.01,0,7.6923076923076925,A1
0.0,0.04,0,6.25,A1
0.0,0.0,0,5.454545454545454,A1
0.0,0.03571428571428571,0,9.333333333333334,A1
0.0,0.017241379310344827,0,12.88888888888889,A1
0.0,0.008620689655172414,0,9.666666666666666,A1
0.0,0.0078125,0,10.666666666666666,A1
0.058823529411764705,0.017857142857142856,0,6.588235294117647,A1
0.0,0.025,0,6.666666666666667,A1
0.0,0.023809523809523808,0,5.25,A1
0.08333333333333333,0.017241379310344827,0,9.666666666666666,A1
0.0,0.0,0,4.454545454545454,A1
0.0,0.05172413793103448,0,14.5,A1
0.0,0.0,0,5.2,A1
0.05263157894736842,0.008264462809917356,0,6.368421052631579,A1
0.0,0.015873015873015872,0,7.411764705882353,A1
0.0,0.0,0,3.5714285714285716,A1
0.0,0.009009009009009009,0,6.166666666666667,A1
0.0,0.0,0,6.6875,A1
0.0,0.025,0,5.0,A1
0.058823529411764705,0.0,0,6.588235294117647,A1
0.0,0.0,0,7.0,A1
0.0,0.026785714285714284,0,6.222222222222222,A1
0.1111111111111111,0.022727272727272728,0,9.777777777777779,A1
0.0,0.12244897959183673,0,8.166666666666666,A1
0.0,0.04878048780487805,0,5.125,A1
0.0,0.04201680672268908,0,7.933333333333334,A1
0.0,0.05813953488372093,0,7.818181818181818,A1
0.0,0.0,0,6.05,A1
0.0,0.0,0,12.555555555555555,A1
0.0,0.06140350877192982,0,6.705882352941177,A1
0.0,0.0,0,5.1,A1
0.04,0.0,0,5.12,A1
0.0,0.0,0,16.555555555555557,A1
0.0,0.008928571428571428,0,5.6,A1
0.0,0.0,0,10.9,A1
0.04,0.0,0,4.72,A1
0.0,0.021739130434782608,0,6.571428571428571,A1
0.0,0.0,0,4.444444444444445,A1
0.0,0.0,0,5.3478260869565215,A1
0.043478260869565216,0.032520325203252036,0,5.3478260869565215,A1
0.16666666666666666,0.022222222222222223,0,15.0,A1
0.0,0.009523809523809525,0,6.176470588235294,A1
0.0,0.0,0,7.6923076923076925,A1
0.0,0.0,0,7.6875,A1
0.0,0.0,0,5.428571428571429,A1
0.0,0.009708737864077669,0,6.866666666666666,A1
0.0,0.027777777777777776,0,27.0,A1
0.0,0.046875,0,8.533333333333333,A1
0.0,0.0,0,5.681818181818182,A1
0.0,0.03260869565217391,0,7.076923076923077,A1
0.0,0.05405405405405406,0,7.4,A1
0.0,0.018518518518518517,0,7.714285714285714,A1
0.0,0.00847457627118644,0,6.555555555555555,A1
0.0,0.0,0,6.05,A1
0.0,0.011834319526627219,0,15.363636363636363,A1
0.0,0.0390625,0,7.111111111111111,A1
0.0,0.0,0,4.9,A1
0.0,0.016260162601626018,0,7.6875,A1
0.0,0.02727272727272727,0,7.857142857142857,A1
0.0,0.02857142857142857,0,7.0,A1
0.0,0.016666666666666666,0,7.0588235294117645,A1
0.0,0.009900990099009901,0,5.611111111111111,A1
0.0,0.02040816326530612,0,6.533333333333333,A1
0.0,0.0,0,6.375,A1
0.047619047619047616,0.03076923076923077,0,6.190476190476191,A1
0.0,0.0,0,4.7,A1
0.0,0.020833333333333332,0,12.0,A1
0.0,0.0,0,5.375,A1
0.0,0.056179775280898875,0,6.846153846153846,A1
0.0,0.0,0,5.0,A1
0.0,0.05102040816326531,0,8.909090909090908,A1
0.0,0.0,0,11.142857142857142,A1
0.0,0.0,0,8.0,A1
0.0,0.036036036036036036,0,7.928571428571429,A1
0.0,0.009259259259259259,0,6.352941176470588,A1
0.0,0.0,0,6.65,A1
0.0,0.0,0,7.235294117647059,A1
0.0,0.022727272727272728,0,4.0,A1
0.0,0.0,0,8.545454545454545,A1
0.0,0.023255813953488372,0,6.142857142857143,A1
0.0,0.018867924528301886,0,9.636363636363637,A1
0.0,0.03418803418803419,0,5.85,A1
0.0,0.046296296296296294,0,7.714285714285714,A1
0.0,0.01,0,7.6923076923076925,A1
0.0,0.01744186046511628,0,15.636363636363637,A1
0.0,0.0,0,5.5625,A1
0.0,0.016260162601626018,0,8.785714285714286,A1
0.0,0.017543859649122806,0,11.4,A1
0.0,0.041666666666666664,0,4.8,A1
0.0,0.008130081300813009,0,7.6875,A1
0.0,0.02631578947368421,0,8.444444444444445,A1
0.0,0.0,0,10.666666666666666,A1
0.0,0.0,0,6.538461538461538,A1
0.0,0.0,0,9.083333333333334,A1
0.0,0.015873015873015872,0,7.411764705882353,A1
0.125,0.043478260869565216,0,11.5,A1
0.0,0.032,0,6.944444444444445,A1
0.0,0.009009009009009009,0,10.090909090909092,A1
0.0,0.045454545454545456,0,5.5,A1
0.0,0.03409090909090909,0,7.333333333333333,A1
0.0,0.009523809523809525,0,5.833333333333333,A1
0.0,0.02,0,12.5,A1
0.0,0.0,0,5.625,A1
0.0,0.009259259259259259,0,6.352941176470588,A1
0.03333333333333333,0.012944983818770227,0,10.3,A1
0.0,0.02040816326530612,0,5.444444444444445,A1
0.0,0.018518518518518517,0,6.0,A1
0.0,0.0,0,3.125,A1
0.0,0.019230769230769232,0,6.117647058823529,A1
0.0,0.07317073170731707,0,5.125,A1
0.0,0.026785714285714284,0,8.615384615384615,A1
0.0,0.023255813953488372,0,3.909090909090909,A1
0.0,0.0392156862745098,0,7.846153846153846,A1
0.0,0.009433962264150943,0,6.625,A1
0.0,0.0,0,7.2,A1
0.0,0.010869565217391304,0,10.222222222222221,A1
0.0,0.05128205128205128,0,4.333333333333333,A1
0.0,0.0425531914893617,0,5.222222222222222,A1
0.0,0.037037037037037035,0,9.0,A1
0.0,0.05128205128205128,0,7.8,A1
0.0,0.0,0,5.260869565217392,A1
0.0,0.027522935779816515,0,13.625,A1
0.0,0.0196078431372549,0,5.666666666666667,A1
0.05555555555555555,0.03508771929824561,0,6.333333333333333,A1
0.0,0.0,0,6.444444444444445,A1
0.0,0.07142857142857142,0,7.0,A1
0.0,0.015748031496062992,0,6.684210526315789,A1
0.0,0.017857142857142856,0,6.588235294117647,A1
0.09090909090909091,0.0,0,4.545454545454546,A1
0.0,0.039603960396039604,0,9.181818181818182,A1
0.0,0.03,0,7.142857142857143,A1
0.0,0.009433962264150943,0,5.3,A1
0.0,0.029411764705882353,0,20.4,A1
0.0,0.0,0,5.444444444444445,A1
0.0,0.01020408163265306,0,6.533333333333333,A1
0.05,0.0,0,4.95,A1
0.0,0.024193548387096774,0,5.636363636363637,A1
0.0,0.018867924528301886,0,6.625,A1
0.0,0.04672897196261682,0,9.727272727272727,A1
0.0,0.018867924528301886,0,13.25,A1
0.1875,0.0,0,10.9375,C2
0.23529411764705882,0.007751937984496124,0,30.352941176470587,C2
0.2631578947368421,0.00234192037470726,0,22.473684210526315,C2
0.09090909090909091,0.003865979381443299,0,23.515151515151516,C2
0.07142857142857142,0.0029498525073746312,0,24.214285714285715,C2
0.25,0.010810810810810811,0,18.5,C2
0.2962962962962963,0.007668711656441718,0,24.14814814814815,C2
0.23529411764705882,0.005115089514066497,0,23.0,C2
0.14285714285714285,0.005702066999287242,0,25.053571428571427,C2
0.10714285714285714,0.006825938566552901,0,20.928571428571427,C2
0.15384615384615385,0.01152073732718894,0,22.256410256410255,C2
0.2608695652173913,0.0015290519877675841,0,28.434782608695652,C2
0.07142857142857142,0.009324009324009324,0,20.428571428571427,C2
0.3333333333333333,0.013108614232209739,0,19.77777777777778,C2
0.02564102564102564,0.007751937984496124,0,23.153846153846153,C2
0.22448979591836735,0.007211538461538462,0,16.979591836734695,C2
0.0,0.01272984441301273,0,26.185185185185187,C2
0.16129032258064516,0.017377567140600316,0,20.419354838709676,C2
0.12,0.01160541586073501,0,20.68,C2
0.2222222222222222,0.0045662100456621,0,24.333333333333332,C2
0.4230769230769231,0.008797653958944282,0,26.23076923076923,C2
0.22857142857142856,0.013172338090010977,0,26.02857142857143,C2
0.13043478260869565,0.017241379310344827,0,22.695652173913043,C2
0.125,0.0038240917782026767,0,21.791666666666668,C2
0.0684931506849315,0.019455252918287938,0,17.602739726027398,C2
0.4782608695652174,0.01056338028169014,0,24.695652173913043,C2
0.225,0.006469500924214418,0,27.05,C2
0.21212121212121213,0.0039946737683089215,0,22.757575757575758,C2
0.18181818181818182,0.01025236593059937,0,28.818181818181817,C2
0.1,0.00510204081632653,0,19.6,C2
0.14,0.008083140877598153,0,17.32,C2
0.1320754716981132,0.012751677852348993,0,28.11320754716981,C2
0.2,0.0073964497041420114,0,19.314285714285713,C2
0.0784313725490196,0.010869565217391304,0,18.03921568627451,C2
0.3181818181818182,0.017921146953405017,0,25.363636363636363,C2
0.20833333333333334,0.0055147058823529415,0,22.666666666666668,C2
0.5454545454545454,0.011152416356877323,0,24.454545454545453,C2
0.15384615384615385,0.019662921348314606,0,27.384615384615383,C2
0.6666666666666666,0.018633540372670808,0,35.77777777777778,C2
0.08695652173913043,0.01288244766505636,0,27.0,C2
0.07142857142857142,0.01002004008016032,0,17.821428571428573,C2
0.14285714285714285,0.01752577319587629,0,23.095238095238095,C2
0.2,0.006420545746388443,0,17.8,C2
0.18518518518518517,0.00764525993883792,0,24.22222222222222,C2
0.08333333333333333,0.007736943907156673,0,21.541666666666668,C2
0.3125,0.014482758620689656,0,30.208333333333332,C2
0.06896551724137931,0.0,0,15.206896551724139,C2
0.08,0.005905511811023622,0,20.32,C2
0.09523809523809523,0.009324009324009324,0,20.428571428571427,C2
0.3157894736842105,0.01991150442477876,0,23.789473684210527,C2
0.03333333333333333,0.005628517823639775,0,17.766666666666666,C2
0.09302325581395349,0.011305241521068859,0,22.627906976744185,C2
0.34285714285714286,0.006128702757916241,0,27.97142857142857,C2
0.0975609756097561,0.00903225806451613,0,18.902439024390244,C2
0.16666666666666666,0.0017482517482517483,0,23.833333333333332,C2
0.17073170731707318,0.005279831045406547,0,23.097560975609756,C2
0.3142857142857143,0.0025673940949935813,0,22.257142857142856,C2
0.2727272727272727,0.0044444444444444444,0,20.454545454545453,C2
0.17857142857142858,0.023411371237458192,0,32.035714285714285,C2
0.03333333333333333,0.0029585798816568047,0,22.533333333333335,C2
0.07692307692307693,0.001893939393939394,0,20.307692307692307,C2
0.15789473684210525,0.021377672209026127,1,22.157894736842106,C2
0.11764705882352941,0.00576036866359447,0,25.529411764705884,C2
0.125,0.0038314176245210726,0,32.625,C2
0.20689655172413793,0.015256588072122053,0,24.862068965517242,C2
0.25,0.008602150537634409,0,29.0625,C2
0.4,0.008849557522123894,0,22.6,C2
0.09523809523809523,0.010610079575596816,0,17.952380952380953,C2
0.2857142857142857,0.004098360655737705,0,23.238095238095237,C2
0.30952380952380953,0.015779092702169626,0,24.142857142857142,C2
0.0,0.0039603960396039604,0,21.041666666666668,C2
0.10526315789473684,0.006002400960384154,0,21.92105263157895,C2
0.3157894736842105,0.025830258302583026,0,23.771929824561404,C2
0.19230769230769232,0.01849217638691323,0,27.03846153846154,C2
0.07142857142857142,0.0,0,20.928571428571427,C2
0.15384615384615385,0.020771513353115726,0,25.923076923076923,C2
0.041666666666666664,0.008183306055646482,0,25.458333333333332,C2
0.20588235294117646,0.005633802816901409,0,20.88235294117647,C2
0.1388888888888889,0.02073050345508391,0,28.13888888888889,C2
0.35,0.013565891472868217,0,25.8,C2
0.125,0.015082956259426848,0,20.71875,C2
0.1111111111111111,0.012195121951219513,0,45.55555555555556,C2
0.36363636363636365,0.029411764705882353,0,30.90909090909091,C2
0.16666666666666666,0.02727272727272727,0,22.0,C2
0.3548387096774194,0.034074074074074076,0,21.774193548387096,C2
0.0,0.004347826086956522,0,25.555555555555557,C2
0.3333333333333333,0.0,0,18.095238095238095,C2
0.11428571428571428,0.013948497854077254,0,26.62857142857143,C2
0.3142857142857143,0.012108980827447022,0,28.314285714285713,C2
0.23529411764705882,0.018619934282584884,11,26.852941176470587,C2
0.07407407407407407,0.008090614886731391,0,22.88888888888889,C2
0.0,0.008547008547008548,0,19.5,C2
0.18181818181818182,0.010582010582010581,0,12.886363636363637,C2
0.16666666666666666,0.0088008800880088,0,21.642857142857142,C2
0.3684210526315789,0.018835616438356163,0,30.736842105263158,C2
0.42857142857142855,0.021897810218978103,0,26.095238095238095,C2
0.027777777777777776,0.005291005291005291,0,21.0,C2
0.16,0.005076142131979695,0,23.64,C2
0.18518518518518517,0.005791505791505791,0,19.185185185185187,C2
0.10810810810810811,0.010075566750629723,0,21.45945945945946,C2
0.1935483870967742,0.017013232514177693,0,17.06451612903226,C2
0.0851063829787234,0.007850834151128557,0,21.680851063829788,C2
0.41935483870967744,0.012211668928086838,0,23.774193548387096,C2
0.13636363636363635,0.013435700575815739,0,23.681818181818183,C2
0.34375,0.008101851851851851,0,27.0,C2
0.0625,0.0034129692832764505,0,18.3125,C2
0.16666666666666666,0.0152046783625731,0,20.357142857142858,C2
0.0,0.008888888888888889,0,17.307692307692307,C2
0.1,0.01020408163265306,1,22.05,C2
0.3142857142857143,0.012116316639741519,0,35.371428571428574,C2
0.08333333333333333,0.0035714285714285713,0,23.333333333333332,C2
0.125,0.0,0,24.75,C2
0.125,0.014414414414414415,0,23.125,C2
0.1951219512195122,0.0036231884057971015,0,20.195121951219512,C2
0.375,0.003676470588235294,0,34.0,C2
0.06666666666666667,0.01804123711340206,0,25.866666666666667,C2
0.17857142857142858,0.013215859030837005,0,24.321428571428573,C2
0.125,0.00949367088607595,0,26.333333333333332,C2
0.03225806451612903,0.006510416666666667,0,24.774193548387096,C2
0.3235294117647059,0.023516237402015677,0,26.264705882352942,C2
0.12195121951219512,0.008115419296663661,0,27.048780487804876,C2
0.1891891891891892,0.014940239043824702,0,27.135135135135137,C2
0.29411764705882354,0.024390243902439025,0,16.88235294117647,C2
0.2,0.00825082508250825,0,17.314285714285713,C2
0.2222222222222222,0.0149812734082397,0,29.666666666666668,C2
0.2,0.0125,0,29.333333333333332,C2
0.3333333333333333,0.005825242718446602,0,28.61111111111111,C2
0.047619047619047616,0.010672358591248666,0,22.30952380952381,C2
0.0,0.007352941176470588,0,10.461538461538462,C2
0.0967741935483871,0.008883248730964468,0,25.419354838709676,C2
0.08333333333333333,0.009237875288683603,0,24.055555555555557,C2
0.13636363636363635,0.012782694198623401,0,23.113636363636363,C2
0.23684210526315788,0.00641025641025641,0,20.526315789473685,C2
0.10344827586206896,0.006872852233676976,0,20.06896551724138,C2
0.05660377358490566,0.002997002997002997,0,18.88679245283019,C2
0.08108108108108109,0.006958250497017893,0,27.18918918918919,C2
0.15625,0.002544529262086514,0,24.5625,C2
0.125,0.002551020408163265,0,24.5,C2
0.17142857142857143,0.015172413793103448,0,20.714285714285715,C2
0.23333333333333334,0.008316008316008316,0,32.06666666666667,C2
0.06060606060606061,0.004329004329004329,0,21.0,C2
0.21428571428571427,0.0,0,22.0,C2
0.03571428571428571,0.009554140127388535,0,33.642857142857146,C2
0.18055555555555555,0.010638297872340425,0,11.75,C2
0.35135135135135137,0.012987012987012988,0,24.972972972972972,C2
0.13793103448275862,0.001644736842105263,0,20.96551724137931,C2
0.3142857142857143,0.00546021840873635,0,36.628571428571426,C2
0.1794871794871795,0.019686800894854587,0,28.653846153846153,C2
0.14285714285714285,0.010416666666666666,0,27.428571428571427,C2
0.19047619047619047,0.003316749585406302,0,28.714285714285715,C2
0.0,0.004601226993865031,0,25.076923076923077,C2
0.08571428571428572,0.01078582434514638,0,18.542857142857144,C2
0.35,0.0024752475247524753,0,20.2,C2
0.13043478260869565,0.01733102253032929,0,25.08695652173913,C2
0.17391304347826086,0.01126126126126126,0,19.304347826086957,C2
0.12,0.004291845493562232,0,27.96,C2
0.2962962962962963,0.019525801952580194,0,26.555555555555557,C2
0.1875,0.013414634146341463,0,25.625,C2
0.0,0.003205128205128205,0,28.363636363636363,C2
0.0,0.006342494714587738,0,23.65,C2
0.12195121951219512,0.014418125643666324,0,23.682926829268293,C2
0.07142857142857142,0.04854368932038835,0,29.428571428571427,C2
0.2558139534883721,0.0067178502879078695,0,24.232558139534884,C2
0.07352941176470588,0.010263929618768328,0,20.058823529411764,C2
0.02,0.018244013683010263,0,17.54,C2
0.2962962962962963,0.006482982171799027,0,22.85185185185185,C2
0.6,0.009345794392523364,0,42.8,C2
0.18181818181818182,0.013531799729364006,0,22.393939393939394,C2
0.3125,0.007398273736128237,0,25.34375,C2
0.12121212121212122,0.003929273084479371,0,15.424242424242424,C2
0.17391304347826086,0.010186757215619695,0,25.608695652173914,C2
0.15384615384615385,0.010294117647058823,0,26.153846153846153,C2
0.07142857142857142,0.006666666666666667,0,16.071428571428573,C2
0.14285714285714285,0.013824884792626729,0,31.0,C2
0.08333333333333333,0.011689691817215728,0,26.13888888888889,C2
0.04,0.004476275738585497,0,22.34,C2
0.16666666666666666,0.02654867256637168,0,28.25,C2
0.1891891891891892,0.005599104143337066,0,24.135135135135137,C2
0.25,0.0,0,28.75,C2
0.05263157894736842,0.0037359900373599006,0,14.087719298245615,C2
0.05084745762711865,0.017059301380991064,0,20.864406779661017,C2
0.12121212121212122,0.013590033975084938,0,26.757575757575758,C2
0.20588235294117646,0.02109181141439206,0,23.705882352941178,C2
0.09090909090909091,0.011834319526627219,0,20.484848484848484,C2
0.18181818181818182,0.01818181818181818,0,19.0,C2
0.1,0.004578754578754579,0,27.3,C2
0.36,0.01238390092879257,0,25.84,C2
0.44,0.033210332103321034,0,21.68,C2
0.05555555555555555,0.011049723756906077,0,20.11111111111111,C2
0.25,0.004415011037527594,0,28.3125,C2
0.16,0.00847457627118644,0,23.6,C2
0.25,0.0,0,22.625,C2
0.25,0.008695652173913044,0,32.34375,C2
0.3333333333333333,0.015555555555555555,0,18.75,C2
0.32142857142857145,0.01913265306122449,0,28.0,C2
0.20512820512820512,0.00228310502283105,0,22.46153846153846,C2
0.47368421052631576,0.013544018058690745,0,23.31578947368421,C2
0.5333333333333333,0.014084507042253521,0,23.666666666666668,C2
0.09090909090909091,0.010471204188481676,0,17.363636363636363,C2
0.17857142857142858,0.01084010840108401,0,26.357142857142858,C2
0.020833333333333332,0.010174418604651164,0,14.333333333333334,C2
0.0,0.0034602076124567475,0,26.272727272727273,C2
