Lesson_ID,Pre_Lesson_ID
LS295,LS558
LS295,LS559
LS295,LS560
LS295,LS561
LS295,LS562
LS295,LS563
LS295,LS564
LS298,LS99
LS298,LS101
LS298,LS103
LS298,LS110
LS298,LS111
LS301,LS125
LS301,LS132
LS301,LS197
LS301,LS122
LS301,LS138
LS301,LS120
LS301,LS115
LS301,LS118
LS307,LS130
LS307,LS114
LS307,LS118
LS307,LS116
LS307,LS120
LS307,LS142
LS307,LS138
LS307,LS117
LS307,LS119
LS314,LS122
LS314,LS132
LS314,LS600
LS314,LS166
LS314,LS114
LS317,LS116
LS317,LS119
LS317,LS170
LS317,LS601
LS317,LS112
LS317,LS118
LS411,LS602
LS414,LS116
LS419,LS197
LS413,LS156
LS416,LS603
LS417,LS114
LS418,LS157
LS419,LS118
LS420,LS195
LS421,LS187
LS422,LS117
LS423,LS119
LS424,LS183
LS425,LS200
LS426,LS102
LS428,LS115
LS453,LS137
LS454,LS186
LS455,LS146
LS457,LS133
LS533,LS116
LS533,LS118
LS533,LS119
LS533,LS114
LS533,LS117
LS533,LS226
LS533,LS137
LS533,LS186
LS533,LS600
LS533,LS601
LS533,LS602
LS533,LS603
